company_name,company_domain,careers_url,ats_platform,ats_tenant_or_slug,job_board_url,country_or_region_focus,industry,evidence_url,reason_accepted
Benefex,benefex.com,https://benefex.teamtailor.com/jobs,Teamtailor,benefex,https://benefex.teamtailor.com/jobs,Global/UK,Employee benefits technology,https://benefex.teamtailor.com/jobs,Teamtailor board lists active openings and exposes job-specific apply/detail links
Corndel,corndel.com,https://corndel.teamtailor.com/jobs,Teamtailor,corndel,https://corndel.teamtailor.com/jobs,UK,Education and workforce training,https://corndel.teamtailor.com/jobs,Teamtailor board lists active openings and exposes job-specific apply/detail links
Frauenthal Gnotec,gnotec.com,https://gnotecunitedstates.teamtailor.com/jobs,Teamtailor,gnotecunitedstates,https://gnotecunitedstates.teamtailor.com/jobs,Europe/US,Automotive and industrial manufacturing,https://gnotecunitedstates.teamtailor.com/jobs,Teamtailor board lists active openings and exposes job-specific apply/detail links
Pubity Group,pubity.com,https://pubitygroupltd.teamtailor.com/jobs,Teamtailor,pubitygroupltd,https://pubitygroupltd.teamtailor.com/jobs,Global/UK,Media and social publishing,https://pubitygroupltd.teamtailor.com/jobs,Teamtailor board lists active openings and exposes job-specific apply/detail links
Log my Care,logmycare.co.uk,https://logmycare-1732894388.teamtailor.com/jobs,Teamtailor,logmycare-1732894388,https://logmycare-1732894388.teamtailor.com/jobs,UK,Healthcare software,https://logmycare-1732894388.teamtailor.com/jobs,Teamtailor board lists active openings and exposes job-specific apply/detail links
Orbit Partners,orbitpartners.com,https://orbitpartners.teamtailor.com/jobs,Teamtailor,orbitpartners,https://orbitpartners.teamtailor.com/jobs,UK/US,Private markets advisory,https://orbitpartners.teamtailor.com/jobs,Teamtailor board lists active openings and exposes job-specific apply/detail links
Awaceb,awaceb.com,https://awaceb.teamtailor.com/jobs,Teamtailor,awaceb,https://awaceb.teamtailor.com/jobs,Canada/Europe,Video games,https://awaceb.teamtailor.com/jobs,Teamtailor board lists active openings and exposes job-specific apply/detail links
Qarma,qarmainspect.com,https://qarmainspect.teamtailor.com/jobs,Teamtailor,qarmainspect,https://qarmainspect.teamtailor.com/jobs,Europe/APAC,Supply chain quality software,https://qarmainspect.teamtailor.com/jobs,Teamtailor board lists active openings and exposes job-specific apply/detail links
IPF Digital,ipfdigital.com,https://ipfdigital.teamtailor.com/jobs,Teamtailor,ipfdigital,https://ipfdigital.teamtailor.com/jobs,Europe/LATAM/APAC,Fintech and consumer lending,https://ipfdigital.teamtailor.com/jobs,Teamtailor board lists active openings and exposes job-specific apply/detail links
Softonic,softonic.com,https://softonic.teamtailor.com/jobs,Teamtailor,softonic,https://softonic.teamtailor.com/jobs,Europe,Software marketplace and media,https://softonic.teamtailor.com/jobs,Teamtailor board lists active openings and exposes job-specific apply/detail links
Truvio,truvio.com,https://truvio.teamtailor.com/jobs,Teamtailor,truvio,https://truvio.teamtailor.com/jobs,Global,Enterprise software,https://truvio.teamtailor.com/jobs,Teamtailor board lists active openings and exposes job-specific apply/detail links
Opera,opera.com,https://operanorway.teamtailor.com/jobs,Teamtailor,operanorway,https://operanorway.teamtailor.com/jobs,Global,Internet software,https://operanorway.teamtailor.com/jobs,Teamtailor board lists active openings and exposes job-specific apply/detail links
CIPFA,cipfa.org,https://cipfa.teamtailor.com/jobs,Teamtailor,cipfa,https://cipfa.teamtailor.com/jobs,UK,Professional body and education,https://cipfa.teamtailor.com/jobs,Teamtailor board lists active openings and exposes job-specific apply/detail links
Confirma Software,confirmasoftware.com,https://confirmasoftware.teamtailor.com/jobs,Teamtailor,confirmasoftware,https://confirmasoftware.teamtailor.com/jobs,Europe,Business software,https://confirmasoftware.teamtailor.com/jobs,Teamtailor board lists active openings and exposes job-specific apply/detail links
Synthesized,synthesized.io,https://synthesized.teamtailor.com/jobs,Teamtailor,synthesized,https://synthesized.teamtailor.com/jobs,US/Europe,Data testing software,https://synthesized.teamtailor.com/jobs,Teamtailor board lists active openings and exposes job-specific apply/detail links
QOCO Systems,qoco.aero,https://qocosystems.teamtailor.com/jobs,Teamtailor,qocosystems,https://qocosystems.teamtailor.com/jobs,Global/Europe,Aviation software,https://qocosystems.teamtailor.com/jobs,Teamtailor board lists active openings and exposes job-specific apply/detail links
Interrupt Labs,interruptlabs.co.uk,https://interruptlabs.teamtailor.com/jobs,Teamtailor,interruptlabs,https://interruptlabs.teamtailor.com/jobs,UK/Australia/US,Cybersecurity research,https://interruptlabs.teamtailor.com/jobs,Teamtailor board lists active openings and exposes job-specific apply/detail links
Skewb,skewb.uk,https://skewb.teamtailor.com/jobs,Teamtailor,skewb,https://skewb.teamtailor.com/jobs,UK,Utilities consulting,https://skewb.teamtailor.com/jobs,Teamtailor board lists active openings and exposes job-specific apply/detail links
Celebrus Technologies,celebrus.com,https://celebrus.teamtailor.com/jobs,Teamtailor,celebrus,https://celebrus.teamtailor.com/jobs,UK/Global,Customer data and analytics software,https://celebrus.teamtailor.com/jobs,Teamtailor board lists active openings and exposes job-specific apply/detail links
swan.io,swan.io,https://swanio.teamtailor.com/jobs,Teamtailor,swanio,https://swanio.teamtailor.com/jobs,Europe,Embedded finance,https://swanio.teamtailor.com/jobs,Teamtailor board lists active openings and exposes job-specific apply/detail links
bunny.net,bunny.net,https://bunnynet.teamtailor.com/jobs,Teamtailor,bunnynet,https://bunnynet.teamtailor.com/jobs,Europe/Global,Cloud infrastructure,https://bunnynet.teamtailor.com/jobs,Teamtailor board lists active openings and exposes job-specific apply/detail links
Return on Investment Ltd,roiltd.co.uk,https://returnoninvestment.teamtailor.com/jobs,Teamtailor,returnoninvestment,https://returnoninvestment.teamtailor.com/jobs,UK/Europe,Automotive marketing services,https://returnoninvestment.teamtailor.com/jobs,Teamtailor board lists active openings and exposes job-specific apply/detail links
Critical Manufacturing,criticalmanufacturing.com,https://apply.workable.com/critical-manufacturing/,Workable,critical-manufacturing,https://apply.workable.com/critical-manufacturing/,Global/Europe,Manufacturing execution software,https://apply.workable.com/critical-manufacturing/,Workable board lists current openings with stable job-specific pages
ARO Marketing,rankings.io,https://apply.workable.com/rankings/,Workable,rankings,https://apply.workable.com/rankings/,US,SEO and digital marketing,https://apply.workable.com/rankings/,Workable board lists current openings with stable job-specific pages
CommonAI C.I.C.,commonai.io,https://apply.workable.com/commonai/,Workable,commonai,https://apply.workable.com/commonai/,UK/Global,AI education nonprofit,https://apply.workable.com/commonai/,Workable board lists current openings with stable job-specific pages
Quandela,quandela.com,https://apply.workable.com/quandela/,Workable,quandela,https://apply.workable.com/quandela/,Europe/Global,Quantum computing,https://apply.workable.com/quandela/,Workable board lists current openings with stable job-specific pages
Native Touch,nativetouch.com,https://apply.workable.com/native-touch-1/,Workable,native-touch-1,https://apply.workable.com/native-touch-1/,Canada,Digital marketing and advertising,https://apply.workable.com/native-touch-1/,Workable board lists current openings with stable job-specific pages
TP-Link Systems,tp-link.com,https://apply.workable.com/tp-link-usa-corp/,Workable,tp-link-usa-corp,https://apply.workable.com/tp-link-usa-corp/,US,Consumer networking hardware,https://apply.workable.com/tp-link-usa-corp/,Workable board lists current openings with stable job-specific pages
Hubble,hubblehq.com,https://apply.workable.com/hubble/,Workable,hubble,https://apply.workable.com/hubble/,UK/Global,Workspace marketplace,https://apply.workable.com/hubble/,Workable board lists current openings with stable job-specific pages
Therefore,therefore.ca,https://apply.workable.com/therefore/,Workable,therefore,https://apply.workable.com/therefore/,Canada,Digital agency and consulting,https://apply.workable.com/therefore/,Workable board lists current openings with stable job-specific pages
Informed Solutions,informed.com,https://apply.workable.com/informed-solutions/,Workable,informed-solutions,https://apply.workable.com/informed-solutions/,UK/Global,Digital transformation services,https://apply.workable.com/informed-solutions/,Workable board lists current openings with stable job-specific pages
Space Inch,spaceinch.com,https://apply.workable.com/spaceinch/,Workable,spaceinch,https://apply.workable.com/spaceinch/,Brazil/Global,Software studio,https://apply.workable.com/spaceinch/,Workable board lists current openings with stable job-specific pages
Keywords Studios,keywordsstudios.com,https://apply.workable.com/keywords-intl1/,Workable,keywords-intl1,https://apply.workable.com/keywords-intl1/,Global,Video game and media services,https://apply.workable.com/keywords-intl1/,Workable board lists current openings with stable job-specific pages
Homa,homagames.com,https://apply.workable.com/homa-games/,Workable,homa-games,https://apply.workable.com/homa-games/,Europe/Global,Mobile games,https://apply.workable.com/homa-games/,Workable board lists current openings with stable job-specific pages
Future Publishing,futureplc.com,https://apply.workable.com/futureplc/,Workable,futureplc,https://apply.workable.com/futureplc/,Global,Media and publishing,https://apply.workable.com/futureplc/,Workable board lists current openings with stable job-specific pages
SAP Fioneer,sapfioneer.com,https://apply.workable.com/fioneer/,Workable,fioneer,https://apply.workable.com/fioneer/,Europe/Global,Financial services software,https://apply.workable.com/fioneer/,Workable board lists current openings with stable job-specific pages
Big Viking Games,bigvikinggames.com,https://apply.workable.com/big-viking-games-3/,Workable,big-viking-games-3,https://apply.workable.com/big-viking-games-3/,Canada,Video games,https://apply.workable.com/big-viking-games-3/,Workable board lists current openings with stable job-specific pages
Selecta,selecta.com,https://apply.workable.com/selecta/,Workable,selecta,https://apply.workable.com/selecta/,UK/Europe,Food services and vending,https://apply.workable.com/selecta/,Workable board lists current openings with stable job-specific pages
fundcraft,fundcraft.lu,https://apply.workable.com/fundcraft/,Workable,fundcraft,https://apply.workable.com/fundcraft/,Europe,Fund administration fintech,https://apply.workable.com/fundcraft/,Workable board lists current openings with stable job-specific pages
ClearCourse,clearcourse.co.uk,https://apply.workable.com/clearcourse-1/,Workable,clearcourse-1,https://apply.workable.com/clearcourse-1/,UK,Business software,https://apply.workable.com/clearcourse-1/,Workable board lists current openings with stable job-specific pages
Papoutsanis,papoutsanis.gr,https://apply.workable.com/papoutsanis-1/,Workable,papoutsanis-1,https://apply.workable.com/papoutsanis-1/,Europe,Personal care manufacturing,https://apply.workable.com/papoutsanis-1/,Workable board lists current openings with stable job-specific pages
Your Retreats,yourretreats.co.uk,https://apply.workable.com/yourretreats/,Workable,yourretreats,https://apply.workable.com/yourretreats/,UK,Hospitality,https://apply.workable.com/yourretreats/,Workable board lists current openings with stable job-specific pages
Modash,modash.io,https://apply.workable.com/modash/,Workable,modash,https://apply.workable.com/modash/,Europe,Influencer marketing software,https://apply.workable.com/modash/,Workable board lists current openings with stable job-specific pages
Tri-Mach Group,tri-mach.com,https://apply.workable.com/tri-mach-group-inc/,Workable,tri-mach-group-inc,https://apply.workable.com/tri-mach-group-inc/,Canada,Manufacturing and automation,https://apply.workable.com/tri-mach-group-inc/,Workable board lists current openings with stable job-specific pages
Lifely,lifely.com.au,https://apply.workable.com/lifely/,Workable,lifely,https://apply.workable.com/lifely/,APAC,Ecommerce and digital services,https://apply.workable.com/lifely/,Workable board lists current openings with stable job-specific pages
Infotel UK,infotel.co.uk,https://apply.workable.com/infotel-uk/,Workable,infotel-uk,https://apply.workable.com/infotel-uk/,UK,IT services,https://apply.workable.com/infotel-uk/,Workable board lists current openings with stable job-specific pages
Teleperformance Spain,teleperformance.es,https://apply.workable.com/teleperformance-spain/,Workable,teleperformance-spain,https://apply.workable.com/teleperformance-spain/,Spain,Customer experience outsourcing,https://apply.workable.com/teleperformance-spain/,Workable board lists current openings with stable job-specific pages
CDC Data Centres,cdc.com.au,https://apply.workable.com/cdc-data-centres/,Workable,cdc-data-centres,https://apply.workable.com/cdc-data-centres/,Australia,Data centers,https://apply.workable.com/cdc-data-centres/,Workable board lists current openings with stable job-specific pages
Prophix,prophix.com,https://apply.workable.com/prophix/,Workable,prophix,https://apply.workable.com/prophix/,Canada/Global,Financial performance software,https://apply.workable.com/prophix/,Workable board lists current openings with stable job-specific pages
Civic,civicuk.com,https://apply.workable.com/civic/,Workable,civic,https://apply.workable.com/civic/,UK,Digital agency,https://apply.workable.com/civic/,Workable board lists current openings with stable job-specific pages
Pearl Abyss Europe,pearlabyss.com,https://apply.workable.com/pearlabyss-europe/,Workable,pearlabyss-europe,https://apply.workable.com/pearlabyss-europe/,Europe,Video games,https://apply.workable.com/pearlabyss-europe/,Workable board lists current openings with stable job-specific pages
First Focus,firstfocus.com.au,https://apply.workable.com/first-focus/,Workable,first-focus,https://apply.workable.com/first-focus/,Australia,Managed IT services,https://apply.workable.com/first-focus/,Workable board lists current openings with stable job-specific pages
PetLab Co.,thepetlabco.com,https://apply.workable.com/petlab-co/,Workable,petlab-co,https://apply.workable.com/petlab-co/,UK/US,Pet health ecommerce,https://apply.workable.com/petlab-co/,Workable board lists current openings with stable job-specific pages
Costa Navarino,costanavarino.com,https://apply.workable.com/costa-navarino/,Workable,costa-navarino,https://apply.workable.com/costa-navarino/,Europe,Hospitality and resorts,https://apply.workable.com/costa-navarino/,Workable board lists current openings with stable job-specific pages
Bauer Media Outdoor,bauermediaoutdoor.co.uk,https://apply.workable.com/bauermediaoutdoor/,Workable,bauermediaoutdoor,https://apply.workable.com/bauermediaoutdoor/,UK,Outdoor advertising,https://apply.workable.com/bauermediaoutdoor/,Workable board lists current openings with stable job-specific pages
ARO Technology,aro.tech,https://apply.workable.com/aro/,Workable,aro,https://apply.workable.com/aro/,UK,IT services,https://apply.workable.com/aro/,Workable board lists current openings with stable job-specific pages
ET Group,etgroup.ca,https://careers.smartrecruiters.com/ETGroup,SmartRecruiters,ETGroup,https://careers.smartrecruiters.com/ETGroup,Canada,Workplace audiovisual technology,https://careers.smartrecruiters.com/ETGroup,SmartRecruiters page lists active openings with job-specific postings
Intelerad,intelerad.com,https://careers.smartrecruiters.com/intelerad,SmartRecruiters,intelerad,https://careers.smartrecruiters.com/intelerad,Global,Medical imaging software,https://careers.smartrecruiters.com/intelerad,SmartRecruiters page lists active openings with job-specific postings
UNLEASH,unleash.ai,https://careers.smartrecruiters.com/UNLEASH,SmartRecruiters,UNLEASH,https://careers.smartrecruiters.com/UNLEASH,UK/Global,HR media and events,https://careers.smartrecruiters.com/UNLEASH,SmartRecruiters page lists active openings with job-specific postings
Ayming,ayming.com,https://careers.smartrecruiters.com/Ayming,SmartRecruiters,Ayming,https://careers.smartrecruiters.com/Ayming,Canada/Global,Business consulting,https://careers.smartrecruiters.com/Ayming,SmartRecruiters page lists active openings with job-specific postings
Cielo,cielotalent.com,https://careers.smartrecruiters.com/Cielo2,SmartRecruiters,Cielo2,https://careers.smartrecruiters.com/Cielo2,Global,Recruitment process outsourcing,https://careers.smartrecruiters.com/Cielo2,SmartRecruiters page lists active openings with job-specific postings
Transat,transat.com,https://careers.smartrecruiters.com/TransatAT1/eng,SmartRecruiters,TransatAT1,https://careers.smartrecruiters.com/TransatAT1/eng,Canada,Travel and airline,https://careers.smartrecruiters.com/TransatAT1/eng,SmartRecruiters page lists active openings with job-specific postings
MUFG Investor Services,mufg-investorservices.com,https://careers.smartrecruiters.com/mufginvestorservices,SmartRecruiters,mufginvestorservices,https://careers.smartrecruiters.com/mufginvestorservices,Global,Financial services,https://careers.smartrecruiters.com/mufginvestorservices,SmartRecruiters page lists active openings with job-specific postings
EMCO Corporation,emco.ca,https://careers.smartrecruiters.com/EMCOCorporation,SmartRecruiters,EMCOCorporation,https://careers.smartrecruiters.com/EMCOCorporation,Canada,Plumbing and HVAC distribution,https://careers.smartrecruiters.com/EMCOCorporation,SmartRecruiters page lists active openings with job-specific postings
Minor Hotels,minorhotels.com,https://careers.smartrecruiters.com/minorinternational/minor-hotels-careers,SmartRecruiters,minorinternational,https://careers.smartrecruiters.com/minorinternational/minor-hotels-careers,Global/APAC,Hospitality,https://careers.smartrecruiters.com/minorinternational/minor-hotels-careers,SmartRecruiters page lists active openings with job-specific postings
Canadian Centre for Architecture,cca.qc.ca,https://careers.smartrecruiters.com/CCA1/careers,SmartRecruiters,CCA1,https://careers.smartrecruiters.com/CCA1/careers,Canada,Museum and cultural institution,https://careers.smartrecruiters.com/CCA1/careers,SmartRecruiters page lists active openings with job-specific postings
Supple,supple.com.au,https://careers.smartrecruiters.com/Supple1,SmartRecruiters,Supple1,https://careers.smartrecruiters.com/Supple1,Australia,Digital marketing agency,https://careers.smartrecruiters.com/Supple1,SmartRecruiters page lists active openings with job-specific postings
Intellihub,intellihub.com.au,https://careers.smartrecruiters.com/Intellihub1,SmartRecruiters,Intellihub1,https://careers.smartrecruiters.com/Intellihub1,Australia/New Zealand,Smart metering and energy technology,https://careers.smartrecruiters.com/Intellihub1,SmartRecruiters page lists active openings with job-specific postings
Egale Canada,egale.ca,https://careers.smartrecruiters.com/EgaleCanada,SmartRecruiters,EgaleCanada,https://careers.smartrecruiters.com/EgaleCanada,Canada,Nonprofit advocacy and education,https://careers.smartrecruiters.com/EgaleCanada,SmartRecruiters page lists active openings with job-specific postings
Analysys Mason,analysysmason.com,https://careers.smartrecruiters.com/AnalysysMason1,SmartRecruiters,AnalysysMason1,https://careers.smartrecruiters.com/AnalysysMason1,Europe/Global,Telecoms and technology consulting,https://careers.smartrecruiters.com/AnalysysMason1,SmartRecruiters page lists active openings with job-specific postings
Lumi,lumi.com.au,https://careers.smartrecruiters.com/Lumi,SmartRecruiters,Lumi,https://careers.smartrecruiters.com/Lumi,Australia,Fintech and business lending,https://careers.smartrecruiters.com/Lumi,SmartRecruiters page lists active openings with job-specific postings
S&R Group of Companies,srgroup.ca,https://careers.smartrecruiters.com/SRGroupOfCompanies,SmartRecruiters,SRGroupOfCompanies,https://careers.smartrecruiters.com/SRGroupOfCompanies,Canada,Long-term care and healthcare,https://careers.smartrecruiters.com/SRGroupOfCompanies,SmartRecruiters page lists active openings with job-specific postings
INFICON,inficon.com,https://careers.smartrecruiters.com/inficon2,SmartRecruiters,inficon2,https://careers.smartrecruiters.com/inficon2,Global,Industrial instrumentation,https://careers.smartrecruiters.com/inficon2,SmartRecruiters page lists active openings with job-specific postings
Chandos Construction,chandos.com,https://careers.smartrecruiters.com/chandos,SmartRecruiters,chandos,https://careers.smartrecruiters.com/chandos,Canada,Construction,https://careers.smartrecruiters.com/chandos,SmartRecruiters page lists active openings with job-specific postings
EvenUp,evenuplaw.com,https://jobs.ashbyhq.com/evenup,Ashby,evenup,https://jobs.ashbyhq.com/evenup,US/Canada,Legal technology,https://jobs.ashbyhq.com/evenup,Ashby board lists active openings and stable job/application URLs
TensorWave,tensorwave.com,https://jobs.ashbyhq.com/tensorwave,Ashby,tensorwave,https://jobs.ashbyhq.com/tensorwave,US,AI cloud infrastructure,https://jobs.ashbyhq.com/tensorwave,Ashby board lists active openings and stable job/application URLs
Virtuous,virtuous.org,https://jobs.ashbyhq.com/virtuous,Ashby,virtuous,https://jobs.ashbyhq.com/virtuous,US,Nonprofit CRM software,https://jobs.ashbyhq.com/virtuous,Ashby board lists active openings and stable job/application URLs
Reflect Orbital,reflectorbital.com,https://jobs.ashbyhq.com/reflect-orbital,Ashby,reflect-orbital,https://jobs.ashbyhq.com/reflect-orbital,US,Space and energy technology,https://jobs.ashbyhq.com/reflect-orbital,Ashby board lists active openings and stable job/application URLs
Karman Industries,karmanindustries.com,https://jobs.ashbyhq.com/Karman%20Industries,Ashby,Karman Industries,https://jobs.ashbyhq.com/Karman%20Industries,US,Industrial manufacturing,https://jobs.ashbyhq.com/Karman%20Industries,Ashby board lists active openings and stable job/application URLs
Klim,klim.eco,https://jobs.ashbyhq.com/klim,Ashby,klim,https://jobs.ashbyhq.com/klim,Europe,Climate and agriculture technology,https://jobs.ashbyhq.com/klim,Ashby board lists active openings and stable job/application URLs
Lydian,lydian.co,https://jobs.ashbyhq.com/lydian,Ashby,lydian,https://jobs.ashbyhq.com/lydian,US,Climate technology,https://jobs.ashbyhq.com/lydian,Ashby board lists active openings and stable job/application URLs
OLIX,olix.eco,https://jobs.ashbyhq.com/olix,Ashby,olix,https://jobs.ashbyhq.com/olix,UK,Climate and manufacturing technology,https://jobs.ashbyhq.com/olix,Ashby board lists active openings and stable job/application URLs
Statista,statista.com,https://jobs.ashbyhq.com/statista,Ashby,statista,https://jobs.ashbyhq.com/statista,Global/Europe,Market data and media,https://jobs.ashbyhq.com/statista,Ashby board lists active openings and stable job/application URLs
Radiant Industries,radiantnuclear.com,https://jobs.ashbyhq.com/radiant-industries,Ashby,radiant-industries,https://jobs.ashbyhq.com/radiant-industries,US,Clean energy,https://jobs.ashbyhq.com/radiant-industries,Ashby board lists active openings and stable job/application URLs
Cradle,cradle.bio,https://jobs.ashbyhq.com/cradlebio,Ashby,cradlebio,https://jobs.ashbyhq.com/cradlebio,US/Europe,Biotechnology software,https://jobs.ashbyhq.com/cradlebio,Ashby board lists active openings and stable job/application URLs
Nira Medical,niramedical.com,https://jobs.ashbyhq.com/niramedical,Ashby,niramedical,https://jobs.ashbyhq.com/niramedical,US,Healthcare,https://jobs.ashbyhq.com/niramedical,Ashby board lists active openings and stable job/application URLs
Molg,molg.ai,https://jobs.ashbyhq.com/Molg,Ashby,Molg,https://jobs.ashbyhq.com/Molg,US,Robotics and circular manufacturing,https://jobs.ashbyhq.com/Molg,Ashby board lists active openings and stable job/application URLs
Pontiva Healthcare Partners,pontivahp.com,https://jobs.ashbyhq.com/pontivahp,Ashby,pontivahp,https://jobs.ashbyhq.com/pontivahp,US,Healthcare operations,https://jobs.ashbyhq.com/pontivahp,Ashby board lists active openings and stable job/application URLs
METR,metr.org,https://jobs.lever.co/metr,Lever,metr,https://jobs.lever.co/metr,US,AI safety research,https://jobs.lever.co/metr,Lever board/detail pages expose stable job-specific URLs and application flow
Kobie Marketing,kobie.com,https://jobs.lever.co/kobie,Lever,kobie,https://jobs.lever.co/kobie,US/India,Loyalty marketing technology,https://jobs.lever.co/kobie,Lever board/detail pages expose stable job-specific URLs and application flow
Tali AI,tali.ai,https://jobs.lever.co/11855760-canada-inc,Lever,11855760-canada-inc,https://jobs.lever.co/11855760-canada-inc,Canada,Healthcare AI,https://jobs.lever.co/11855760-canada-inc,Lever board/detail pages expose stable job-specific URLs and application flow
PocketHealth,pockethealth.com,https://jobs.lever.co/PocketHealth,Lever,PocketHealth,https://jobs.lever.co/PocketHealth,Canada/US,Health technology,https://jobs.lever.co/PocketHealth,Lever board/detail pages expose stable job-specific URLs and application flow
Patrick J. McGovern Foundation,mcgovern.org,https://jobs.lever.co/mcgovern,Lever,mcgovern,https://jobs.lever.co/mcgovern,US/Global,Philanthropy and nonprofit,https://jobs.lever.co/mcgovern,Lever board/detail pages expose stable job-specific URLs and application flow
Verdigris,verdigris.co,https://jobs.lever.co/verdigris,Lever,verdigris,https://jobs.lever.co/verdigris,US,Energy analytics,https://jobs.lever.co/verdigris,Lever board/detail pages expose stable job-specific URLs and application flow
OpenPayd,openpayd.com,https://jobs.lever.co/OpenPayd,Lever,OpenPayd,https://jobs.lever.co/OpenPayd,Europe,Payments and fintech,https://jobs.lever.co/OpenPayd,Lever board/detail pages expose stable job-specific URLs and application flow
Serverfarm,serverfarmllc.com,https://jobs.lever.co/serverfarm,Lever,serverfarm,https://jobs.lever.co/serverfarm,US/Canada/UK,Data centers,https://jobs.lever.co/serverfarm,Lever board/detail pages expose stable job-specific URLs and application flow
Zimperium,zimperium.com,https://jobs.lever.co/zimperium,Lever,zimperium,https://jobs.lever.co/zimperium,Global,Mobile security software,https://jobs.lever.co/zimperium,Lever board/detail pages expose stable job-specific URLs and application flow
Perennial,perennial.earth,https://jobs.lever.co/perennial,Lever,perennial,https://jobs.lever.co/perennial,US/Europe,Climate and agriculture analytics,https://jobs.lever.co/perennial,Lever board/detail pages expose stable job-specific URLs and application flow
Strategy Engineering & Consulting,strategyeng.com,https://strategyeng.recruitee.com,Recruitee,strategyeng,https://strategyeng.recruitee.com,US,Engineering and energy consulting,https://strategyeng.recruitee.com/o/marketing-coordinator-1,Recruitee career site exposes open roles with stable /o/ job pages and application forms
Bushburg Properties,bushburg.com,https://bushburgpropertiesinc.recruitee.com,Recruitee,bushburgpropertiesinc,https://bushburgpropertiesinc.recruitee.com,US,Real estate,https://bushburgpropertiesinc.recruitee.com/o/staff-accountant-1,Recruitee career site exposes open roles with stable /o/ job pages and application forms
entyre,entyre.de,https://entyre.recruitee.com,Recruitee,entyre,https://entyre.recruitee.com,Germany,Healthcare technology,https://entyre.recruitee.com/o/senior-marketing-analytics-engineer-mfd,Recruitee career site exposes open roles with stable /o/ job pages and application forms
Natuvion,natuvion.com,https://natuvion.recruitee.com,Recruitee,natuvion,https://natuvion.recruitee.com,Europe,IT and data transformation services,https://natuvion.recruitee.com,Recruitee career site exposes open roles with stable /o/ job pages and application forms
GemCore Health,gemcorehealth.com,https://gemcorehealth.recruitee.com,Recruitee,gemcorehealth,https://gemcorehealth.recruitee.com,US,Healthcare operations,https://gemcorehealth.recruitee.com,Recruitee career site exposes open roles with stable /o/ job pages and application forms
FULL Creative,full.io,https://fullcreative.recruitee.com,Recruitee,fullcreative,https://fullcreative.recruitee.com,Global,Business software and services,https://fullcreative.recruitee.com,Recruitee career site exposes open roles with stable /o/ job pages and application forms
Dataline,dataline.eu,https://dataline.recruitee.com,Recruitee,dataline,https://dataline.recruitee.com,Europe,Print and ERP software,https://dataline.recruitee.com,Recruitee career site exposes open roles with stable /o/ job pages and application forms
Hypergen,hypergen.io,https://hypergenllc.recruitee.com,Recruitee,hypergenllc,https://hypergenllc.recruitee.com,Europe/Global,GTM software and services,https://hypergenllc.recruitee.com,Recruitee career site exposes open roles with stable /o/ job pages and application forms
VertiGIS,vertigis.com,https://vertigis.recruitee.com,Recruitee,vertigis,https://vertigis.recruitee.com,Global,Geospatial software,https://vertigis.recruitee.com,Recruitee career site exposes open roles with stable /o/ job pages and application forms
Avantage Plus,avantageplus.com,https://avantageplus.recruitee.com,Recruitee,avantageplus,https://avantageplus.recruitee.com,Canada,Construction and design services,https://avantageplus.recruitee.com,Recruitee career site exposes open roles with stable /o/ job pages and application forms
AJW Group,ajw-group.com,https://ajwalter.recruitee.com,Recruitee,ajwalter,https://ajwalter.recruitee.com,UK/Global,Aviation parts and services,https://ajwalter.recruitee.com,Recruitee career site exposes open roles with stable /o/ job pages and application forms
Polaroid,polaroid.com,https://polaroid.recruitee.com,Recruitee,polaroid,https://polaroid.recruitee.com,Europe/Global,Consumer electronics and photography,https://polaroid.recruitee.com,Recruitee career site exposes open roles with stable /o/ job pages and application forms
Foleon,foleon.com,https://foleon.recruitee.com,Recruitee,foleon,https://foleon.recruitee.com,Europe/US,Content marketing software,https://foleon.recruitee.com,Recruitee career site exposes open roles with stable /o/ job pages and application forms
Signode,signode.com,https://signode.recruitee.com,Recruitee,signode,https://signode.recruitee.com,Global,Industrial packaging,https://signode.recruitee.com,Recruitee career site exposes open roles with stable /o/ job pages and application forms
JP Cullen,jpcullen.com,https://careers-jpcullen.icims.com/jobs/search?ss=1,iCIMS,careers-jpcullen,https://careers-jpcullen.icims.com/jobs/search?ss=1,US,Construction,https://careers-jpcullen.icims.com/jobs/search?ss=1,iCIMS search page lists active requisitions with stable IDs/detail pages
Integrated Project Management Company,ipmcinc.com,https://jobs.jobvite.com/ipmcinc,Jobvite,ipmcinc,https://jobs.jobvite.com/ipmcinc,US,Project management consulting,https://jobs.jobvite.com/ipmcinc,Jobvite career board lists active openings with stable job-specific apply pages
EvergreenHealth,evergreenhealth.com,https://jobs.jobvite.com/evergreenhealth,Jobvite,evergreenhealth,https://jobs.jobvite.com/evergreenhealth,US,Healthcare,https://jobs.jobvite.com/evergreenhealth,Jobvite career board lists active openings with stable job-specific apply pages
Laborie Medical Technologies,laborie.com,https://jobs.jobvite.com/laborie,Jobvite,laborie,https://jobs.jobvite.com/laborie,Global,Medical devices,https://jobs.jobvite.com/laborie,Jobvite career board lists active openings with stable job-specific apply pages
Fingerpaint Group,fingerpaint.com,https://jobs.jobvite.com/fingerpaint,Jobvite,fingerpaint,https://jobs.jobvite.com/fingerpaint,US,Healthcare marketing and communications,https://jobs.jobvite.com/fingerpaint,Jobvite career board lists active openings with stable job-specific apply pages
Northwest Kidney Centers,nwkidney.org,https://jobs.jobvite.com/northwest-kidney-centers,Jobvite,northwest-kidney-centers,https://jobs.jobvite.com/northwest-kidney-centers,US,Healthcare nonprofit,https://jobs.jobvite.com/northwest-kidney-centers,Jobvite career board lists active openings with stable job-specific apply pages
Sharp Community Medical Group,scmg.org,https://jobs.jobvite.com/sharpcommunitymedicalgroup,Jobvite,sharpcommunitymedicalgroup,https://jobs.jobvite.com/sharpcommunitymedicalgroup,US,Healthcare,https://jobs.jobvite.com/sharpcommunitymedicalgroup,Jobvite career board lists active openings with stable job-specific apply pages
AccountingDepartment.com,accountingdepartment.com,https://jobs.jobvite.com/accounting-department,Jobvite,accounting-department,https://jobs.jobvite.com/accounting-department,US,Accounting services,https://jobs.jobvite.com/accounting-department,Jobvite career board lists active openings with stable job-specific apply pages
Knight-Swift Transportation,knight-swift.com,https://jobs.jobvite.com/swifttrans,Jobvite,swifttrans,https://jobs.jobvite.com/swifttrans,US,Transportation and logistics,https://jobs.jobvite.com/swifttrans,Jobvite career board lists active openings with stable job-specific apply pages
WebMD,webmd.com,https://jobs.jobvite.com/webmd,Jobvite,webmd,https://jobs.jobvite.com/webmd,Global,Digital health media,https://jobs.jobvite.com/webmd,Jobvite career board lists active openings with stable job-specific apply pages
EZRA,helloezra.com,https://jobs.jobvite.com/ezra,Jobvite,ezra,https://jobs.jobvite.com/ezra,Global,Leadership coaching and HR technology,https://jobs.jobvite.com/ezra,Jobvite career board lists active openings with stable job-specific apply pages
Tixr,tixr.com,https://ats.rippling.com/tixr/jobs,Rippling,tixr,https://ats.rippling.com/tixr/jobs,US,Ticketing and event technology,https://ats.rippling.com/tixr/jobs/1eb4c224-efbc-40a2-ac12-7d9c4669ac6d/apply,Rippling ATS board exposes job-specific detail and apply pages
AbsenceSoft,absencesoft.com,https://ats.rippling.com/absencesoft/jobs,Rippling,absencesoft,https://ats.rippling.com/absencesoft/jobs,US,Leave management software,https://ats.rippling.com/absencesoft/jobs/7ffd030a-7cc0-4009-9ebb-e670bb16e306,Rippling ATS board exposes job-specific detail and apply pages
Revolution Prep,revolutionprep.com,https://ats.rippling.com/revolution-prep-careers/jobs,Rippling,revolution-prep-careers,https://ats.rippling.com/revolution-prep-careers/jobs,US,Education and tutoring,https://ats.rippling.com/revolution-prep-careers/jobs/acc2bf18-aa33-4bb2-ad7b-d1346a9ce2d0c,Rippling ATS board exposes job-specific detail and apply pages
Precision AQ,precisionaq.com,https://boards.greenhouse.io/precisionaq,Greenhouse,precisionaq,https://boards.greenhouse.io/precisionaq,US/Global,Healthcare marketing and market access,https://boards.greenhouse.io/precisionaq/jobs/5997353004,Greenhouse board/detail pages expose stable job-specific IDs and application forms
Fender Musical Instruments,fender.com,https://boards.greenhouse.io/fender,Greenhouse,fender,https://boards.greenhouse.io/fender,US/Global,Musical instruments manufacturing,https://boards.greenhouse.io/fender/jobs/7872615,Greenhouse board/detail pages expose stable job-specific IDs and application forms
Private Health Management,privatehealth.com,https://boards.greenhouse.io/privatehealthmanagement,Greenhouse,privatehealthmanagement,https://boards.greenhouse.io/privatehealthmanagement,US,Healthcare services,https://boards.greenhouse.io/privatehealthmanagement/jobs/5232604008,Greenhouse board/detail pages expose stable job-specific IDs and application forms
Re:Build Manufacturing,rebuildmanufacturing.com,https://boards.greenhouse.io/rebuildmanufacturing,Greenhouse,rebuildmanufacturing,https://boards.greenhouse.io/rebuildmanufacturing,US,Industrial manufacturing,https://boards.greenhouse.io/rebuildmanufacturing/jobs/4566531005,Greenhouse board/detail pages expose stable job-specific IDs and application forms
Renaissance Learning,renaissance.com,https://boards.greenhouse.io/renaissancelearning-nam,Greenhouse,renaissancelearning-nam,https://boards.greenhouse.io/renaissancelearning-nam,US/Global,Education technology,https://boards.greenhouse.io/renaissancelearning-nam/jobs/5228957008,Greenhouse board/detail pages expose stable job-specific IDs and application forms
Movement Strategy,movementstrategy.com,https://boards.greenhouse.io/movementstrategy,Greenhouse,movementstrategy,https://boards.greenhouse.io/movementstrategy,US,Social media marketing agency,https://boards.greenhouse.io/movementstrategy/jobs/5989728004,Greenhouse board/detail pages expose stable job-specific IDs and application forms
Think Academy US,thethinkacademy.com,https://boards.greenhouse.io/thinkacademyus,Greenhouse,thinkacademyus,https://boards.greenhouse.io/thinkacademyus,US,Education technology,https://boards.greenhouse.io/thinkacademyus/jobs/7722072003,Greenhouse board/detail pages expose stable job-specific IDs and application forms
MGAC,mgac.com,https://boards.greenhouse.io/mgac,Greenhouse,mgac,https://boards.greenhouse.io/mgac,US/UK,Construction project management consulting,https://boards.greenhouse.io/mgac/jobs/4255004009,Greenhouse board/detail pages expose stable job-specific IDs and application forms
Evergreen Services Group,evergreensg.com,https://boards.greenhouse.io/evergreenservicesgroup,Greenhouse,evergreenservicesgroup,https://boards.greenhouse.io/evergreenservicesgroup,US,Business services holding company,https://boards.greenhouse.io/evergreenservicesgroup/jobs/4670000005,Greenhouse board/detail pages expose stable job-specific IDs and application forms
Empower Manufacturing,empowermfg.com,https://careers.smartrecruiters.com/EmpowerManufacturing,SmartRecruiters,EmpowerManufacturing,https://careers.smartrecruiters.com/EmpowerManufacturing,US,Manufacturing,https://careers.smartrecruiters.com/EmpowerManufacturing,SmartRecruiters career page lists active roles with job detail URLs
Oetiker,oetiker.com,https://careers.smartrecruiters.com/oetiker,SmartRecruiters,oetiker,https://careers.smartrecruiters.com/oetiker,Global,Industrial manufacturing,https://careers.smartrecruiters.com/oetiker,SmartRecruiters career page lists active roles with job detail URLs
INX International Ink Co.,inxinternational.com,https://careers.smartrecruiters.com/INXInternationalInkCo,SmartRecruiters,INXInternationalInkCo,https://careers.smartrecruiters.com/INXInternationalInkCo,US/Global,Ink and coatings manufacturing,https://careers.smartrecruiters.com/INXInternationalInkCo,SmartRecruiters career page lists active roles with job detail URLs
Ludlow Manufacturing,ludlowmfg.com,https://apply.workable.com/ludlow-manufacturing-inc,Workable,ludlow-manufacturing-inc,https://apply.workable.com/ludlow-manufacturing-inc,US,Metal fabrication manufacturing,https://apply.workable.com/ludlow-manufacturing-inc,Workable board shows current openings with stable job pages
Plitron Manufacturing,plitron.com,https://apply.workable.com/plitron-manufacturing,Workable,plitron-manufacturing,https://apply.workable.com/plitron-manufacturing,Canada,Electrical manufacturing,https://apply.workable.com/plitron-manufacturing,Workable board shows current openings with stable job pages
Phillips Corporation,phillipscorp.com,https://apply.workable.com/phillips-corporation,Workable,phillips-corporation,https://apply.workable.com/phillips-corporation,US/Global,Manufacturing technology,https://apply.workable.com/phillips-corporation,Workable board shows current openings with stable job pages
Mainspring Energy,mainspringenergy.com,https://jobs.lever.co/mainspringenergy,Lever,mainspringenergy,https://jobs.lever.co/mainspringenergy,US/Global,Clean energy hardware,https://jobs.lever.co/mainspringenergy/27dea6da-eb70-471c-b0b2-b6080769e3ca,Lever board exposes job-specific postings with apply flow
Ecosystem,ecosystem-energy.com,https://jobs.lever.co/ecosystem,Lever,ecosystem,https://jobs.lever.co/ecosystem,Canada/US,Energy engineering and construction,https://jobs.lever.co/ecosystem/d9e14838-13d5-4159-a555-294bed523c72,Lever board exposes job-specific postings with apply flow
Smart Energy Group,smartenergy.co,https://jobs.lever.co/smartenergy,Lever,smartenergy,https://jobs.lever.co/smartenergy,Australia,Clean energy,https://jobs.lever.co/smartenergy/01fbf235-f85a-4df3-99fb-d6494ad72a40,Lever board exposes job-specific postings with apply flow
One Mobility,onemobility-group.com,https://onemobility.recruitee.com,Recruitee,onemobility,https://onemobility.recruitee.com,Europe/Global,Automotive manufacturing,https://onemobility.recruitee.com/o/responsable-lean-manufacturing-hf?lang=en,Recruitee board exposes job-specific postings and apply workflow
E&C Group,eecc.eu,https://ecconsultants.recruitee.com,Recruitee,ecconsultants,https://ecconsultants.recruitee.com,Europe/Global,Energy procurement consulting,https://ecconsultants.recruitee.com/o/business-developer,Recruitee board exposes job-specific postings and apply workflow
Petri Electric,petri-electric.com,https://petrielectric.recruitee.com,Recruitee,petrielectric,https://petrielectric.recruitee.com,US,Electrical construction,https://petrielectric.recruitee.com/o/heavy-equipment-operator,Recruitee board exposes job-specific postings and apply workflow
Third Way,thirdway.org,https://thirdway.recruitee.com,Recruitee,thirdway,https://thirdway.recruitee.com,US,Public policy nonprofit,https://thirdway.recruitee.com/o/senior-policy-advisor-electricity,Recruitee board exposes job-specific postings and apply workflow
Fort Garry Industries,fortgarryindustries.com,https://fortgarryindustries.na.teamtailor.com/jobs,Teamtailor,fortgarryindustries.na,https://fortgarryindustries.na.teamtailor.com/jobs,Canada,Transportation parts and service,https://fortgarryindustries.na.teamtailor.com/jobs,Teamtailor board exposes listings and job-specific application pages
Welbeck Health Partners,welbeckhealthpartners.com,https://welbeckhealthpartners.teamtailor.com/jobs,Teamtailor,welbeckhealthpartners,https://welbeckhealthpartners.teamtailor.com/jobs,UK,Healthcare,https://welbeckhealthpartners.teamtailor.com/jobs,Teamtailor board exposes listings and job-specific application pages
Juniper Training,junipertraining.co.uk,https://junipertraining.teamtailor.com/jobs,Teamtailor,junipertraining,https://junipertraining.teamtailor.com/jobs,UK,Education and training,https://junipertraining.teamtailor.com/jobs,Teamtailor board exposes listings and job-specific application pages
Lanterna Education,lanterna.com,https://lanternaeducation.teamtailor.com/jobs,Teamtailor,lanternaeducation,https://lanternaeducation.teamtailor.com/jobs,Europe/Global,Education services,https://lanternaeducation.teamtailor.com/jobs,Teamtailor board exposes listings and job-specific application pages
Berg Propulsion,bergpropulsion.com,https://bergpropulsion.teamtailor.com/jobs,Teamtailor,bergpropulsion,https://bergpropulsion.teamtailor.com/jobs,Europe/Global,Marine propulsion manufacturing,https://bergpropulsion.teamtailor.com/jobs,Teamtailor board exposes listings and job-specific application pages
VEO,veo.fi,https://veo.teamtailor.com/jobs,Teamtailor,veo,https://veo.teamtailor.com/jobs,Europe,Energy automation,https://veo.teamtailor.com/jobs/7622424-project-engineer,Teamtailor board exposes listings and job-specific application pages
Click&Boat,clickandboat.com,https://clickboat.teamtailor.com/jobs,Teamtailor,clickboat,https://clickboat.teamtailor.com/jobs,Europe/Global,Travel marketplace,https://clickboat.teamtailor.com/jobs/7567564-senior-engineering-manager-m-f-nb-cdi-remote,Teamtailor board exposes listings and job-specific application pages
commonsku,commonsku.com,https://commonsku.na.teamtailor.com/jobs,Teamtailor,commonsku.na,https://commonsku.na.teamtailor.com/jobs,Canada/US,Promotional products software,https://commonsku.na.teamtailor.com/jobs/508310-engineering-manager-enterprise-monetization,Teamtailor board exposes listings and job-specific application pages
TradingView,tradingview.com,https://tradingview.teamtailor.com/jobs,Teamtailor,tradingview,https://tradingview.teamtailor.com/jobs,Global,Financial charting software,https://tradingview.teamtailor.com/jobs/7593150-engineering-manager,Teamtailor board exposes listings and job-specific application pages
MCD Global Health,mcd.org,https://mcdglobalhealth.recruitee.com,Recruitee,mcdglobalhealth,https://mcdglobalhealth.recruitee.com,US/Global,Public health nonprofit,https://mcdglobalhealth.recruitee.com/o/associate-manager-emr-specialist-electronic-health-records-ehr-modernization,Recruitee board exposes job-specific postings and apply workflow
veritree,veritree.com,https://apply.workable.com/veritree/,Workable,veritree,https://apply.workable.com/veritree/,Canada/Global,Climate technology,https://apply.workable.com/veritree/,Workable board shows active listings with stable job pages and application flow
Tecknoworks,tecknoworks.com,https://apply.workable.com/tecknoworks/,Workable,tecknoworks,https://apply.workable.com/tecknoworks/,Europe,Software engineering services,https://apply.workable.com/tecknoworks/,Workable board shows active listings with stable job pages and application flow
Entuitive,entuitive.com,https://apply.workable.com/entuitive/,Workable,entuitive,https://apply.workable.com/entuitive/,Canada/US,Structural engineering consulting,https://apply.workable.com/entuitive/,Workable board shows active listings with stable job pages and application flow
Treatwell,treatwell.com,https://apply.workable.com/treatwell/,Workable,treatwell,https://apply.workable.com/treatwell/,Europe,Beauty and wellness marketplace,https://apply.workable.com/treatwell/,Workable board shows active listings with stable job pages and application flow
NAFFCO,naffco.com,https://naffco.teamtailor.com/jobs,Teamtailor,naffco,https://naffco.teamtailor.com/jobs,MENA/APAC/US,Fire safety and industrial manufacturing,https://naffco.teamtailor.com/jobs,Teamtailor board exposes active listings with stable job detail and application pages
Electrify,electrify.video,https://electrify.teamtailor.com/jobs,Teamtailor,electrify,https://electrify.teamtailor.com/jobs,Global/Remote,Digital media and education content,https://electrify.teamtailor.com/jobs,Teamtailor board exposes active listings with stable job detail and application pages
TAPI,tapi.com,https://careers.smartrecruiters.com/TAPI,SmartRecruiters,TAPI,https://careers.smartrecruiters.com/TAPI,Global,Pharmaceutical ingredients,https://careers.smartrecruiters.com/TAPI,SmartRecruiters career page lists active roles with job-specific detail pages
AMBOSS,amboss.com,https://jobs.ashbyhq.com/amboss,Ashby,amboss,https://jobs.ashbyhq.com/amboss,Global/Europe,Medical education software,https://jobs.ashbyhq.com/amboss,Ashby board exposes active job-specific detail pages and application flow
FacilityOS,facilityos.com,https://jobs.ashbyhq.com/facilityos,Ashby,facilityos,https://jobs.ashbyhq.com/facilityos,Canada,Facilities software,https://jobs.ashbyhq.com/facilityos,Ashby board exposes active job-specific detail pages and application flow
Hostinger,hostinger.com,https://jobs.ashbyhq.com/hostinger,Ashby,hostinger,https://jobs.ashbyhq.com/hostinger,Global,Web hosting,https://jobs.ashbyhq.com/hostinger,Ashby board exposes active job-specific detail pages and application flow
Neural Concept,neuralconcept.com,https://jobs.ashbyhq.com/neuralconcept,Ashby,neuralconcept,https://jobs.ashbyhq.com/neuralconcept,Europe/US,Engineering AI software,https://jobs.ashbyhq.com/neuralconcept,Ashby board exposes active job-specific detail pages and application flow
Sift Healthcare,sifthealthcare.com,https://job-boards.greenhouse.io/sifthealthcare,Greenhouse,sifthealthcare,https://job-boards.greenhouse.io/sifthealthcare,US,Healthcare analytics,https://job-boards.greenhouse.io/sifthealthcare,Greenhouse board exposes active job-specific pages with application workflow
Elevate K-12,elevatek12.com,https://job-boards.greenhouse.io/elevatek12teachwithus,Greenhouse,elevatek12teachwithus,https://job-boards.greenhouse.io/elevatek12teachwithus,US,Online education,https://job-boards.greenhouse.io/elevatek12teachwithus,Greenhouse board exposes active job-specific pages with application workflow
Momentum Life Sciences,momentumlifesciences.com,https://job-boards.greenhouse.io/momentumlifesciences,Greenhouse,momentumlifesciences,https://job-boards.greenhouse.io/momentumlifesciences,US,Life sciences services,https://job-boards.greenhouse.io/momentumlifesciences,Greenhouse board exposes active job-specific pages with application workflow
Take Command Health,takecommandhealth.com,https://job-boards.greenhouse.io/takecommandhealth,Greenhouse,takecommandhealth,https://job-boards.greenhouse.io/takecommandhealth,US,Health benefits technology,https://job-boards.greenhouse.io/takecommandhealth,Greenhouse board exposes active job-specific pages with application workflow
PLS,pls247.com,https://job-boards.greenhouse.io/plscareers,Greenhouse,plscareers,https://job-boards.greenhouse.io/plscareers,US,Retail financial services,https://job-boards.greenhouse.io/plscareers,Greenhouse board exposes active job-specific pages with application workflow
Kincell Bio,kincellbio.com,https://job-boards.greenhouse.io/kincellbio,Greenhouse,kincellbio,https://job-boards.greenhouse.io/kincellbio,US,Biotechnology manufacturing,https://job-boards.greenhouse.io/kincellbio,Greenhouse board exposes active job-specific pages with application workflow
MedElite Group,medelitegrp.com,https://job-boards.greenhouse.io/medelitellc,Greenhouse,medelitellc,https://job-boards.greenhouse.io/medelitellc,US,Senior care healthcare,https://job-boards.greenhouse.io/medelitellc,Greenhouse board exposes active job-specific pages with application workflow
Salient Motion,salientmotion.com,https://job-boards.greenhouse.io/salientmotion,Greenhouse,salientmotion,https://job-boards.greenhouse.io/salientmotion,US,Aerospace and robotics engineering,https://job-boards.greenhouse.io/salientmotion,Greenhouse board exposes active job-specific pages with application workflow
Broadway Ventures,broadwayventures.com,https://job-boards.greenhouse.io/broadwayventures,Greenhouse,broadwayventures,https://job-boards.greenhouse.io/broadwayventures,US,Healthcare and government services,https://job-boards.greenhouse.io/broadwayventures,Greenhouse board exposes active job-specific pages with application workflow
Immiland Canada,immilandcanada.com,https://jobs.lever.co/immiland-canada-inc,Lever,immiland-canada-inc,https://jobs.lever.co/immiland-canada-inc,Canada/LATAM,Immigration education services,https://jobs.lever.co/immiland-canada-inc,Lever board exposes active job-specific postings with apply flow
Rezolute,rezolutebio.com,https://jobs.lever.co/rezolutebio,Lever,rezolutebio,https://jobs.lever.co/rezolutebio,US,Biotechnology,https://jobs.lever.co/rezolutebio,Lever board exposes active job-specific postings with apply flow
Beauty Barrage,beautybarrage.com,https://jobs.lever.co/beautybarrage,Lever,beautybarrage,https://jobs.lever.co/beautybarrage,US/Canada,Beauty retail services,https://jobs.lever.co/beautybarrage,Lever board exposes active job-specific postings with apply flow
Zeeco,zeeco.com,https://jobs.lever.co/zeeco,Lever,zeeco,https://jobs.lever.co/zeeco,Global,Combustion and environmental systems,https://jobs.lever.co/zeeco,Lever board exposes active job-specific postings with apply flow
Create Music Group,createmusicgroup.com,https://ats.rippling.com/createmusicgroup/jobs,Rippling,createmusicgroup,https://ats.rippling.com/createmusicgroup/jobs,US/Canada,Music technology and rights management,https://ats.rippling.com/createmusicgroup/jobs,Rippling ATS board exposes job-specific detail and apply pages
TalentNeuron,talentneuron.com,https://ats.rippling.com/talentneuroncareers/jobs,Rippling,talentneuroncareers,https://ats.rippling.com/talentneuroncareers/jobs,Global,Labor market analytics,https://ats.rippling.com/talentneuroncareers/jobs,Rippling ATS board exposes job-specific detail and apply pages
Topicflow,topicflow.com,https://ats.rippling.com/topicflow/jobs,Rippling,topicflow,https://ats.rippling.com/topicflow/jobs,Canada,Performance management software,https://ats.rippling.com/topicflow/jobs,Rippling ATS board exposes job-specific detail and apply pages
Plenful,plenful.com,https://ats.rippling.com/plenful/jobs,Rippling,plenful,https://ats.rippling.com/plenful/jobs,US,Healthcare AI software,https://ats.rippling.com/plenful/jobs,Rippling ATS board exposes job-specific detail and apply pages
SheerID,sheerid.com,https://ats.rippling.com/sheerid/jobs,Rippling,sheerid,https://ats.rippling.com/sheerid/jobs,US,Identity verification software,https://ats.rippling.com/sheerid/jobs,Rippling ATS board exposes job-specific detail and apply pages
