rank,companyName,careersUrl,regionPriority,priorityTier,whyImportant,notes
1,Amazon,https://www.amazon.jobs,US/Canada,1,"Massive job volume; many duplicate aggregator entries","Validate endpoint and dedupe priority"
2,Microsoft,https://careers.microsoft.com,US/Canada,1,"High software cloud data and internship volume","Prioritize official source if accessible"
3,Google,https://www.google.com/about/careers/applications/jobs/results,US/Canada,1,"High-value official listings and strong tech priority","Validate public job search endpoint"
4,Apple,https://jobs.apple.com,US/Canada,1,"Official structured job pages with retail and corporate volume","Validate pagination and job IDs"
5,Meta,https://www.metacareers.com,US/Canada,1,"High-value tech jobs; official source may reduce messy redirects","Check robots/legal risk carefully"
6,NVIDIA,https://www.nvidia.com/en-us/about-nvidia/careers,US/Canada,1,"AI systems hardware and software roles","High-value tech source"
7,Tesla,https://www.tesla.com/careers,US/Canada,1,"High volume direct official site with operations and engineering roles","Validate structured data"
8,Shopify,https://www.shopify.com/careers,Canada/Remote,1,"Canada tech priority with remote roles","Validate official job feed"
9,Salesforce,https://careers.salesforce.com,US/Canada,1,"Large software employer with many duplicate listings","Enterprise SaaS priority"
10,Oracle,https://www.oracle.com/corporate/careers,US/Canada,1,"High volume enterprise software jobs","Validate direct source quality"
11,IBM,https://www.ibm.com/careers,US/Canada,1,"Large tech employer with consulting and software roles","High-volume official source"
12,Intel,https://jobs.intel.com,US/Canada,1,"Hardware software data and engineering roles","Strong structured careers candidate"
13,AMD,https://www.amd.com/en/corporate/careers,US/Canada,1,"Strong Canada and US engineering presence","Canada tech priority"
14,Cisco,https://www.cisco.com/c/en/us/about/careers.html,US/Canada,1,"Networking software and security roles","High-volume tech employer"
15,Adobe,https://careers.adobe.com,US/Canada,1,"Product design software and data roles","High-quality tech source"
16,Uber,https://www.uber.com/us/en/careers,US/Canada,1,"Software data product and operations roles","Marketplace tech priority"
17,Airbnb,https://careers.airbnb.com,US/Canada/Remote,1,"High-value tech roles with remote and hybrid interest","Validate public listings"
18,Netflix,https://jobs.netflix.com,US/Canada,1,"High-signal tech and product jobs","Official site likely cleaner than aggregators"
19,LinkedIn,https://careers.linkedin.com,US/Canada,1,"Strong software and data roles","Microsoft ecosystem source"
20,Stripe,https://stripe.com/jobs,US/Canada/Remote,1,"High-value fintech and software roles","Fintech priority"
21,Block,https://block.xyz/careers,US/Canada,1,"Fintech software data and product roles","Official source priority"
22,Square,https://squareup.com/us/en/careers,US/Canada,1,"Fintech and product roles","Related to Block; validate duplication"
23,PayPal,https://www.paypal.com/us/cshelp/article/jobs-at-paypal-help1046,US/Canada,1,"Fintech risk data and software jobs","Find final jobs source from official page"
24,Intuit,https://www.intuit.com/careers,US/Canada,1,"Finance software internships and new grad roles","Strong user relevance"
25,Atlassian,https://www.atlassian.com/company/careers,US/Canada/Remote,1,"Software product and remote-friendly roles","Dev tools priority"
26,Databricks,https://www.databricks.com/company/careers,US/Canada,1,"AI and data infrastructure priority","High-value technical roles"
27,Snowflake,https://careers.snowflake.com,US/Canada,1,"Data platform software and sales engineering roles","High-value data source"
28,Palantir,https://www.palantir.com/careers,US/Canada,1,"High-value software and deployment roles","Strong official job source candidate"
29,OpenAI,https://openai.com/careers,US/Canada,1,"AI priority and high-value listings","Validate official source only"
30,Anthropic,https://www.anthropic.com/careers,US/Canada,1,"AI priority and high-value listings","Validate public listing access"
31,Cohere,https://cohere.com/careers,Canada/US,1,"Canada AI priority","Important for Canadian tech users"
32,Hugging Face,https://huggingface.co/jobs,US/Canada/Remote,1,"AI and ML remote-friendly roles","High-value remote tech"
33,Scale AI,https://www.scale.com/careers,US/Canada,1,"AI data software and operations roles","Validate source and duplicates"
34,Anduril,https://www.anduril.com/careers,US,1,"High-volume engineering roles","Check fit and legal constraints carefully"
35,SpaceX,https://www.spacex.com/careers,US/Canada,1,"High engineering volume and official site usefulness","Validate public data access"
36,Roblox,https://careers.roblox.com,US/Canada,1,"Software platform and product roles","Gaming/platform priority"
37,Snap,https://careers.snap.com,US/Canada,1,"Software AR product and data roles","Official source likely cleaner"
38,Pinterest,https://www.pinterestcareers.com,US/Canada,1,"Software product data and remote/hybrid roles","Tech user relevance"
39,Reddit,https://www.redditinc.com/careers,US/Canada/Remote,1,"Software data and product roles","Remote/hybrid relevance"
40,Discord,https://discord.com/careers,US/Canada/Remote,1,"Software platform and product roles","High-interest tech employer"
41,GitHub,https://github.careers,US/Canada/Remote,1,"Developer tools and remote roles","Strong developer relevance"
42,GitLab,https://about.gitlab.com/jobs,US/Canada/Remote,1,"Remote-first software roles","Strong official source candidate"
43,Cloudflare,https://www.cloudflare.com/careers,US/Canada,1,"Security infrastructure and networking roles","Infra priority"
44,Fastly,https://www.fastly.com/about/careers,US/Canada,2,"Infrastructure edge and security roles","Good direct-source candidate"
45,Akamai,https://www.akamai.com/careers,US/Canada,2,"Networking security and cloud roles","High-volume infra employer"
46,Datadog,https://careers.datadoghq.com,US/Canada,1,"Observability software and infrastructure roles","High-value tech source"
47,MongoDB,https://www.mongodb.com/careers,US/Canada,1,"Database software and sales engineering roles","Strong developer relevance"
48,Elastic,https://www.elastic.co/careers,US/Canada/Remote,2,"Search infrastructure and security roles","Remote-friendly tech"
49,Confluent,https://www.confluent.io/careers,US/Canada,2,"Kafka ecosystem and software roles","Data infra priority"
50,HashiCorp,https://www.hashicorp.com/careers,US/Canada/Remote,2,"Cloud infrastructure and DevOps roles","DevOps priority"
51,Twilio,https://www.twilio.com/en-us/company/jobs,US/Canada/Remote,2,"Software data product and support roles","Communication platform employer"
52,Zoom,https://careers.zoom.us,US/Canada,2,"Product software and infrastructure roles","High-volume SaaS employer"
53,Dropbox,https://jobs.dropbox.com,US/Canada/Remote,2,"Software product and data roles","Remote/hybrid relevance"
54,Box,https://www.box.com/careers,US/Canada,2,"Enterprise SaaS and software roles","Official source candidate"
55,Asana,https://asana.com/jobs,US/Canada/Remote,2,"Product software and data roles","Product-led SaaS"
56,Notion,https://www.notion.com/careers,US/Canada,2,"Product AI and software roles","High-interest tech employer"
57,Figma,https://www.figma.com/careers,US/Canada,2,"Product design software and infrastructure roles","High-value tech source"
58,Canva,https://www.canva.com/careers,US/Canada/Remote,2,"Product software and design roles","Remote-friendly product company"
59,ServiceNow,https://careers.servicenow.com,US/Canada,1,"Enterprise software with high volume","Large employer with duplicates likely"
60,Workday,https://www.workday.com/en-us/company/careers.html,US/Canada,1,"Enterprise SaaS and direct source value","Check ATS overlap carefully"
61,SAP,https://www.sap.com/about/careers.html,US/Canada,1,"Enterprise software with many roles","High-volume official source"
62,Siemens,https://www.siemens.com/global/en/company/jobs.html,US/Canada,2,"Software engineering and operations roles","Industrial tech priority"
63,Siemens Healthineers,https://www.siemens-healthineers.com/careers,US/Canada,2,"Health tech engineering and data roles","Medical tech priority"
64,Ericsson,https://www.ericsson.com/en/careers,Canada/US,2,"Telecom software radio and cloud roles","Canada telecom priority"
65,Nokia,https://www.nokia.com/about-us/careers,Canada/US,2,"Telecom software and networking roles","Canada telecom priority"
66,Samsung,https://www.samsung.com/us/careers,US/Canada,2,"Hardware software and product roles","Large employer"
67,Sony,https://www.sonyjobs.com,US/Canada,2,"Product engineering and media tech roles","Official source helpful"
68,Dell Technologies,https://jobs.dell.com,US/Canada,2,"Enterprise hardware and software roles","High-volume tech employer"
69,HP,https://jobs.hp.com,US/Canada,2,"Hardware software and business roles","Official source candidate"
70,Lenovo,https://jobs.lenovo.com,US/Canada,2,"Hardware software and operations roles","Global employer"
71,Qualcomm,https://careers.qualcomm.com,US/Canada,2,"Chip mobile and software roles","Semiconductor priority"
72,Broadcom,https://www.broadcom.com/company/careers,US/Canada,2,"Semiconductor and infrastructure software roles","High-value technical roles"
73,Texas Instruments,https://careers.ti.com,US/Canada,2,"Hardware embedded and internship roles","New-grad engineering relevance"
74,Micron,https://www.micron.com/careers,US/Canada,2,"Semiconductor software and data roles","Hardware/data priority"
75,TSMC,https://www.tsmc.com/english/careers,US/Canada,2,"Semiconductor engineering roles","Strategic semiconductor employer"
76,ASML,https://www.asml.com/en/careers,US/Canada,2,"Engineering hardware and software roles","Semiconductor equipment priority"
77,Arm,https://careers.arm.com,US/Canada,2,"Chip design software and systems roles","High-value technical roles"
78,Western Digital,https://www.westerndigital.com/company/careers,US/Canada,3,"Hardware firmware and data storage roles","Useful official source"
79,Seagate,https://www.seagate.com/jobs,US/Canada,3,"Hardware software and operations roles","Useful official source"
80,Garmin,https://careers.garmin.com,US/Canada,3,"Embedded product and software roles","Engineering relevance"
81,Roku,https://www.roku.com/jobs,US/Canada,2,"Media tech software and data roles","Streaming tech priority"
82,Electronic Arts,https://www.ea.com/careers,Canada/US,2,"Canada gaming and software priority","Important Canadian tech employer"
83,Ubisoft,https://www.ubisoft.com/en-us/company/careers,Canada/US,2,"Gaming software and design roles","Canada gaming priority"
84,Unity,https://unity.com/careers,US/Canada,2,"Game engine software and product roles","Developer platform"
85,Epic Games,https://www.epicgames.com/site/en-US/careers,US/Canada,2,"Gaming engine and software roles","High-interest gaming employer"
86,Take-Two Interactive,https://www.take2games.com/careers,US/Canada,3,"Gaming and corporate roles","Gaming industry coverage"
87,Riot Games,https://www.riotgames.com/en/work-with-us,US/Canada,3,"Gaming software and data roles","High-interest gaming employer"
88,Activision Blizzard,https://careers.activisionblizzard.com,US/Canada,3,"Gaming engineering and product roles","Large gaming employer"
89,Warner Bros. Discovery,https://careers.wbd.com,US/Canada,3,"Media technology and operations roles","Media tech coverage"
90,Disney,https://jobs.disneycareers.com,US/Canada,2,"Media tech analytics and operations roles","High-volume official source"
91,Comcast,https://jobs.comcast.com,US,3,"Telecom and media tech volume","US-heavy employer"
92,NBCUniversal,https://www.nbcunicareers.com,US/Canada,3,"Media tech and product roles","Official source useful"
93,Paramount,https://www.paramount.com/careers,US/Canada,3,"Media tech and operations roles","Media employer"
94,Spotify,https://www.lifeatspotify.com/jobs,US/Canada/Remote,2,"Software data and product roles","High-interest remote tech"
95,TikTok,https://careers.tiktok.com,US/Canada,1,"High job volume and official site importance","Validate legal and technical risk"
96,ByteDance,https://jobs.bytedance.com,US/Canada,1,"High tech volume and direct source usefulness","Validate duplication with TikTok"
97,X,https://careers.x.com,US/Canada,3,"Software and platform roles","Validate current source stability"
98,Y Combinator,https://www.ycombinator.com/careers,US/Canada/Remote,3,"Startup ecosystem roles","May include many companies; validate scope"
99,DoorDash,https://careers.doordash.com,US/Canada,1,"Software data and operations roles","High Canada/US relevance"
100,Instacart,https://www.instacart.com/company/careers,US/Canada,2,"Canada/US tech and operations roles","Marketplace tech priority"
101,Lyft,https://www.lyft.com/careers,US/Canada,2,"Software data and marketplace operations","Tech employer"
102,Waymo,https://waymo.com/joinus,US/Canada,2,"Autonomous driving ML and software roles","High-value technical roles"
103,Cruise,https://getcruise.com/careers,US/Canada,3,"Autonomous vehicle roles if active","Validate current hiring status"
104,Rivian,https://rivian.com/careers,US/Canada,2,"EV software and operations roles","High-volume industrial tech"
105,Lucid Motors,https://lucidmotors.com/careers,US/Canada,3,"EV software hardware and operations roles","Automotive tech source"
106,Ford,https://corporate.ford.com/careers.html,US/Canada,2,"Auto software and manufacturing roles","Large employer"
107,General Motors,https://search-careers.gm.com,US/Canada,2,"Auto software data and operations roles","Large employer with direct portal"
108,Stellantis,https://careers.stellantis.com,US/Canada,2,"Auto engineering and operations roles","Large employer"
109,Toyota,https://www.toyota.com/usa/careers,US/Canada,2,"Auto software and manufacturing roles","Large employer"
110,Honda,https://hondacareers.com,US/Canada,3,"Auto manufacturing and engineering roles","Official source useful"
111,Volkswagen Group,https://www.volkswagen-group.com/en/careers,US/Canada,3,"Auto software and operations roles","Global employer"
112,Mercedes-Benz,https://group.mercedes-benz.com/careers,US/Canada,3,"Auto software and corporate roles","Global employer"
113,BMW Group,https://www.bmwgroup.jobs,US/Canada,3,"Auto software and operations roles","Global employer"
114,Uber Freight,https://www.uber.com/us/en/freight/careers,US/Canada,3,"Logistics tech and operations roles","Check duplication with Uber"
115,FedEx,https://careers.fedex.com,US/Canada,2,"Massive logistics job volume","High duplicate risk"
116,UPS,https://www.jobs-ups.com,US/Canada,2,"High operations and tech volume","High duplicate risk"
117,DHL,https://careers.dhl.com,US/Canada,3,"Logistics operations and tech roles","Large employer"
118,Walmart,https://careers.walmart.com,US/Canada,1,"Massive volume and duplicate-prone listings","Official source high value"
119,Walmart Canada,https://careers.walmart.ca,Canada,1,"Canada priority and high volume","Avoid mixing with US Walmart if needed"
120,Costco,https://www.costco.com/jobs.html,US/Canada,3,"High employer volume","Validate final job portal"
121,Target,https://corporate.target.com/careers,US,2,"Corporate analytics and operations roles","US retail priority"
122,Best Buy,https://jobs.bestbuy.com,US/Canada,2,"Retail tech operations and corporate roles","High-volume employer"
123,Home Depot,https://careers.homedepot.com,US/Canada,2,"High volume tech and operations roles","Retail employer"
124,Lowe's,https://talent.lowes.com,US/Canada,3,"Corporate tech and retail operations roles","Validate Canada listings"
125,Canadian Tire,https://corp.canadiantire.ca/careers,Canada,1,"Canada priority with retail corporate and tech roles","Strong Canadian source"
126,Loblaw,https://www.loblaw.ca/en/careers,Canada,1,"Canada high-volume employer","Retail and corporate roles"
127,Metro Inc.,https://corpo.metro.ca/en/careers.html,Canada,3,"Retail supply chain and corporate roles","Canada employer"
128,Sobeys,https://www.sobeyscareers.com,Canada,2,"Canada high-volume employer","Grocery and corporate roles"
129,Empire Company,https://www.empireco.ca/careers,Canada,3,"Grocery and corporate roles","Canada employer"
130,Alimentation Couche-Tard,https://corpo.couche-tard.com/en/careers,Canada/US,3,"Large employer with operations and corporate roles","Canada/US employer"
131,McDonald's,https://careers.mcdonalds.com,US/Canada,2,"Massive job volume and duplicate-prone listings","High duplicate risk"
132,Starbucks,https://www.starbucks.com/careers,US/Canada,2,"High retail and corporate volume","Official source useful"
133,Tim Hortons,https://www.timhortons.ca/careers,Canada,2,"Canada service and corporate volume","Canadian relevance"
134,Restaurant Brands International,https://www.rbi.com/English/careers,Canada/US,2,"Corporate product and finance roles","Canada/US corporate roles"
135,Chipotle,https://jobs.chipotle.com,US/Canada,3,"Operations and corporate roles","High-volume employer"
136,Nike,https://jobs.nike.com,US/Canada,2,"Retail product and tech roles","Large employer"
137,Adidas,https://careers.adidas-group.com,US/Canada,3,"Retail product and data roles","Global employer"
138,Lululemon,https://careers.lululemon.com,Canada/US,2,"Canada priority with product retail and tech roles","High Canadian relevance"
139,Aritzia,https://www.aritzia.com/en/careers,Canada/US,3,"Canada retail and corporate priority","Canadian relevance"
140,Gap Inc.,https://www.gapinc.com/en-us/careers,US/Canada,3,"Retail product and operations roles","Large employer"
141,H&M,https://career.hm.com,US/Canada,3,"Retail volume","Global retail employer"
142,Zara / Inditex,https://www.inditexcareers.com,US/Canada,3,"Retail volume","Global retail employer"
143,Sephora,https://www.inside-sephora.com/en/careers,US/Canada,3,"Retail and corporate volume","Large retail employer"
144,L'Oreal,https://careers.loreal.com,US/Canada,3,"Marketing analytics and operations roles","Consumer goods employer"
145,Procter & Gamble,https://www.pgcareers.com,US/Canada,2,"New grad analyst and operations roles","Strong early-career relevance"
146,Unilever,https://careers.unilever.com,US/Canada,3,"Consumer goods finance and operations roles","Large employer"
147,Johnson & Johnson,https://www.careers.jnj.com,US/Canada,2,"Health data finance and operations roles","Large health employer"
148,Pfizer,https://www.pfizer.com/about/careers,US/Canada,3,"Pharma data and analyst roles","Large employer"
149,Moderna,https://www.modernatx.com/careers,US/Canada,3,"Biotech data and operations roles","Biotech employer"
150,Roche,https://careers.roche.com,US/Canada,3,"Pharma diagnostics and data roles","Large employer"
151,Novartis,https://www.novartis.com/careers,US/Canada,3,"Pharma data and corporate roles","Large employer"
152,Sanofi,https://jobs.sanofi.com,US/Canada,3,"Pharma operations and data roles","Large employer"
153,AstraZeneca,https://careers.astrazeneca.com,US/Canada,3,"Pharma data and operations roles","Large employer"
154,Merck,https://jobs.merck.com,US/Canada,3,"Pharma data and corporate roles","Large employer"
155,Eli Lilly,https://careers.lilly.com,US/Canada,3,"Pharma analytics and operations roles","Large employer"
156,Abbott,https://www.jobs.abbott,US/Canada,3,"Medical tech software and data roles","Health tech source"
157,Medtronic,https://www.medtronic.com/us-en/about/careers.html,US/Canada,3,"Health tech and engineering roles","Large employer"
158,GE HealthCare,https://careers.gehealthcare.com,US/Canada,3,"Health tech engineering and data roles","Large employer"
159,GE Vernova,https://www.gevernova.com/careers,US/Canada,3,"Energy engineering and data roles","Industrial tech source"
160,General Electric,https://www.ge.com/careers,US/Canada,3,"Engineering software and operations roles","Global employer"
161,Honeywell,https://careers.honeywell.com,US/Canada,3,"Industrial tech software and engineering roles","Large employer"
162,3M,https://www.3m.com/wps/wcm/connect/en_US/careers-us,US/Canada,3,"Manufacturing data and operations roles","Large employer"
163,Caterpillar,https://www.caterpillar.com/en/careers.html,US/Canada,3,"Engineering operations and software roles","Industrial employer"
164,John Deere,https://www.deere.com/en/our-company/john-deere-careers,US/Canada,3,"Engineering software and data roles","Industrial tech source"
165,Schneider Electric,https://www.se.com/ww/en/about-us/careers,US/Canada,3,"Energy software and operations roles","Industrial tech source"
166,Eaton,https://www.eaton.com/us/en-us/company/careers.html,US/Canada,3,"Engineering and operations roles","Industrial employer"
167,Bosch,https://www.bosch.com/careers,US/Canada,3,"Engineering software and manufacturing roles","Industrial tech employer"
168,Philips,https://www.careers.philips.com,US/Canada,3,"Health tech data and engineering roles","Health tech source"
169,ABB,https://careers.abb,US/Canada,3,"Robotics automation and engineering roles","Industrial tech source"
170,Magna,https://www.magna.com/careers,Canada/US,2,"Canada auto and manufacturing priority","Canadian employer"
171,Linamar,https://www.linamar.com/careers,Canada,3,"Canada manufacturing priority","Canadian employer"
172,Bombardier,https://bombardier.com/en/careers,Canada/US,2,"Canada engineering and aerospace priority","Canadian employer"
173,CAE,https://www.cae.com/careers,Canada/US,2,"Canada simulation and software priority","Canadian tech/engineering employer"
174,SNC-Lavalin / AtkinsRealis,https://www.atkinsrealis.com/en/careers,Canada/US,2,"Engineering infrastructure and analyst roles","Canada infrastructure priority"
175,WSP,https://www.wsp.com/en-gl/careers,Canada/US,2,"Engineering infrastructure and consulting roles","Canada/US employer"
176,AECOM,https://aecom.com/careers,US/Canada,3,"Engineering infrastructure and data roles","Large employer"
177,Stantec,https://www.stantec.com/en/careers,Canada/US,2,"Canada engineering priority","Canadian relevance"
178,Hatch,https://www.hatch.com/careers,Canada/US,3,"Engineering consulting and mining roles","Canadian relevance"
179,EllisDon,https://www.ellisdon.com/careers,Canada,3,"Construction and project roles","Canadian employer"
180,PCL Construction,https://www.pcl.com/ca/en/careers,Canada/US,3,"Construction project and analyst roles","Canada/US employer"
181,Brookfield,https://www.brookfield.com/careers,Canada/US,2,"Finance infrastructure and real estate roles","Canada finance priority"
182,Manulife,https://www.manulife.com/en/careers.html,Canada/US,1,"Finance insurance tech and analyst roles","Canada priority"
183,Sun Life,https://www.sunlife.ca/en/about-us/careers,Canada/US,1,"Insurance tech and finance roles","Canada priority"
184,Canada Life,https://www.canadalife.com/about-us/careers.html,Canada,2,"Canada insurance and finance priority","Canadian employer"
185,Intact,https://careers.intactfc.com,Canada/US,2,"Insurance data and tech roles","Canada priority"
186,Desjardins,https://www.desjardins.com/ca/careers,Canada,2,"Finance and Quebec/Canada priority","Canadian financial employer"
187,RBC,https://jobs.rbc.com,Canada/US,1,"Canada finance priority with high volume","Strong canonical source candidate"
188,TD,https://jobs.td.com,Canada/US,1,"Canada finance priority with high volume","Strong canonical source candidate"
189,Scotiabank,https://jobs.scotiabank.com,Canada/US,1,"Canada finance priority with high volume","Strong canonical source candidate"
190,BMO,https://jobs.bmo.com,Canada/US,1,"Canada finance priority with high volume","Strong canonical source candidate"
191,CIBC,https://www.cibc.com/en/about-cibc/careers.html,Canada/US,1,"Canada finance priority with high volume","Find final job portal from official page"
192,National Bank of Canada,https://jobs.nbc.ca,Canada,2,"Canada finance priority","Canadian employer"
193,Capital One,https://www.capitalonecareers.com,US/Canada,1,"Fintech data software and analyst roles","High relevance for software/finance users"
194,JPMorgan Chase,https://careers.jpmorgan.com,US/Canada,1,"Finance software and analyst roles","High-volume finance employer"
195,Goldman Sachs,https://www.goldmansachs.com/careers,US/Canada,1,"Finance analyst and engineering roles","High-value finance source"
196,Morgan Stanley,https://www.morganstanley.com/people-opportunities/careers,US/Canada,1,"Finance tech and analyst roles","High-value finance source"
197,Bank of America,https://careers.bankofamerica.com,US/Canada,1,"Finance tech and analyst roles","High-volume finance employer"
198,Citi,https://jobs.citi.com,US/Canada,1,"Finance tech and analyst roles","High-volume finance employer"
199,Wells Fargo,https://www.wellsfargojobs.com,US,2,"Finance tech and analyst roles","US-heavy finance source"
200,American Express,https://www.americanexpress.com/en-us/careers,US/Canada,2,"Finance product and data roles","Payments/finance relevance"
201,Mastercard,https://careers.mastercard.com,US/Canada,2,"Payments tech and data roles","Fintech priority"
202,Visa,https://usa.visa.com/careers.html,US/Canada,2,"Payments software and risk roles","Fintech priority"
203,Fiserv,https://www.careers.fiserv.com,US/Canada,3,"Fintech payments and operations roles","Payments employer"
204,Fidelity,https://jobs.fidelity.com,US/Canada,2,"Finance tech and operations roles","Large finance employer"
205,BlackRock,https://careers.blackrock.com,US/Canada,2,"Finance data and tech roles","High-value finance source"
206,Vanguard,https://www.vanguardjobs.com,US/Canada,3,"Finance tech and operations roles","Large finance employer"
207,Charles Schwab,https://www.schwabjobs.com,US,3,"Finance tech and operations roles","US finance employer"
208,Deloitte,https://www2.deloitte.com/global/en/careers.html,US/Canada,1,"Consulting analyst tech and high volume roles","Big 4 priority"
209,PwC,https://www.pwc.com/gx/en/careers.html,US/Canada,1,"Consulting audit tech and high volume roles","Big 4 priority"
210,EY,https://www.ey.com/en_gl/careers,US/Canada,1,"Consulting tech finance and high volume roles","Big 4 priority"
211,KPMG,https://kpmg.com/xx/en/home/careers.html,US/Canada,1,"Consulting audit tech and high volume roles","Big 4 priority"
212,Accenture,https://www.accenture.com/us-en/careers,US/Canada,1,"Consulting software data and high volume roles","Consulting/tech priority"
213,McKinsey,https://www.mckinsey.com/careers,US/Canada,2,"Consulting analyst and data roles","Strategy consulting source"
214,Bain & Company,https://www.bain.com/careers,US/Canada,2,"Consulting analyst roles","Strategy consulting source"
215,Boston Consulting Group,https://careers.bcg.com,US/Canada,2,"Consulting analyst and tech roles","Strategy consulting source"
216,Oliver Wyman,https://www.oliverwyman.com/careers.html,US/Canada,3,"Consulting finance and analyst roles","Consulting source"
217,Mercer,https://www.mercer.com/careers,US/Canada,3,"Consulting HR and finance roles","Consulting source"
218,Willis Towers Watson,https://careers.wtwco.com,US/Canada,3,"Consulting insurance and analytics roles","Consulting/insurance source"
219,Kroll,https://www.kroll.com/en/careers,US/Canada,2,"Risk compliance finance and investigations roles","Relevant to finance/legal users"
220,Thomson Reuters,https://www.thomsonreuters.com/en/careers.html,Canada/US,2,"Canada tech legal and data priority","Strong Canadian/legal tech relevance"
221,Wealthsimple,https://www.wealthsimple.com/en-ca/careers,Canada,1,"Canadian fintech with software data product finance and operations roles","Toronto fintech priority"
222,1Password,https://1password.com/careers,Canada/US/Remote,1,"Canadian security software company with remote-friendly roles","Security/remote tech priority"
223,Tailscale,https://tailscale.com/careers,Canada/US/Remote,1,"Developer infrastructure company with remote software roles","Infrastructure startup priority"
224,Faire,https://www.faire.com/careers,Canada/US,1,"Marketplace company with engineering product data and operations roles","Toronto/Bay Area marketplace priority"
225,Ada,https://www.ada.cx/careers,Canada/US,2,"Toronto AI customer service platform with software and product roles","Toronto AI/SaaS priority"
226,KOHO,https://www.koho.ca/careers,Canada,2,"Canadian fintech with product engineering data and operations roles","Toronto fintech source"
227,Borrowell,https://borrowell.com/careers,Canada,2,"Canadian fintech and credit platform with data finance and product roles","Toronto fintech source"
228,League,https://league.com/careers,Canada/US,2,"Health tech company with software product and operations roles","Toronto healthtech source"
229,BenchSci,https://www.benchsci.com/careers,Canada/US,2,"Toronto AI biotech company with machine learning and data roles","Toronto AI/biotech source"
230,Waabi,https://waabi.ai/careers,Canada/US,2,"Toronto autonomous vehicle AI company with ML robotics and engineering roles","Toronto deep tech source"
231,Cohere Health,https://www.coherehealth.com/careers,US/Canada,2,"Health tech company with data product and engineering roles","Healthtech priority"
232,Clio,https://www.clio.com/about/careers,Canada/US,1,"Canadian legaltech company with many software product and business roles","Canada legaltech priority"
233,Jane App,https://jane.app/careers,Canada,2,"Canadian health software company with product support and engineering roles","Canada SaaS source"
234,PointClickCare,https://pointclickcare.com/careers,Canada/US,2,"Large Canadian health software employer with tech and operations roles","Canada healthtech source"
235,Geotab,https://www.geotab.com/careers,Canada/US,2,"Canadian IoT fleet platform with software data and operations roles","Canada tech priority"
236,Miovision,https://miovision.com/careers,Canada/US,3,"Canadian smart city and traffic technology company","Canada smart city source"
237,StackAdapt,https://www.stackadapt.com/careers,Canada/US/Remote,2,"Canadian adtech company with software data product and sales roles","Toronto adtech source"
238,Index Exchange,https://www.indexexchange.com/careers,Canada/US,2,"Toronto adtech company with engineering and platform roles","Toronto adtech source"
239,Top Hat,https://tophat.com/careers,Canada/US,3,"Toronto edtech company with product engineering and customer roles","Toronto edtech source"
240,ApplyBoard,https://www.applyboard.com/careers,Canada,3,"Canadian edtech platform with product tech and operations roles","Canada edtech source"
241,D2L,https://www.d2l.com/careers,Canada/US,2,"Canadian education software company with software and product roles","Canada edtech priority"
242,FreshBooks,https://www.freshbooks.com/careers,Canada/US,2,"Toronto accounting SaaS company with product engineering and finance roles","Toronto SaaS source"
243,Achievers,https://www.achievers.com/careers,Canada/US,3,"Toronto HR tech company with product engineering and customer roles","Toronto HR tech source"
244,BlueCat,https://bluecatnetworks.com/careers,Canada/US,3,"Toronto network infrastructure software company","Infrastructure/security source"
245,Intelex,https://www.intelex.com/about/careers,Canada/US,3,"Toronto EHS software company with SaaS and operations roles","Toronto enterprise SaaS source"
246,Flipp,https://corp.flipp.com/careers,Canada,3,"Toronto retail technology company with data product and engineering roles","Toronto retail tech source"
247,Ratehub,https://www.ratehub.ca/careers,Canada,3,"Canadian fintech comparison platform with product data and business roles","Toronto fintech source"
248,TouchBistro,https://www.touchbistro.com/careers,Canada/US,3,"Toronto restaurant SaaS company with product engineering and support roles","Toronto SaaS source"
249,Relay Financial,https://relayfi.com/careers,Canada/US,2,"Toronto business banking fintech with engineering and product roles","Toronto fintech source"
250,Float,https://floatfinancial.com/careers,Canada,2,"Canadian corporate card and spend management fintech","Toronto fintech source"
251,Ramp,https://ramp.com/careers,US/Canada,1,"High-growth fintech with software data product finance and operations roles","NYC fintech priority"
252,Plaid,https://plaid.com/careers,US/Canada,1,"Fintech infrastructure company with high-value engineering and data roles","Fintech infrastructure priority"
253,Brex,https://www.brex.com/careers,US/Canada/Remote,1,"Fintech company with software product data and operations roles","Fintech priority"
254,Chime,https://www.chime.com/careers,US/Canada,1,"Large fintech with product engineering risk and operations roles","Fintech source"
255,Affirm,https://www.affirm.com/careers,US/Canada/Remote,1,"Fintech with engineering data risk and finance roles","Fintech priority"
256,Coinbase,https://www.coinbase.com/careers,US/Canada/Remote,1,"Crypto fintech platform with engineering security data and operations roles","Fintech/web3 source"
257,Robinhood,https://careers.robinhood.com,US/Canada,1,"Fintech brokerage platform with software data product and compliance roles","Fintech source"
258,Betterment,https://www.betterment.com/careers,US,2,"NYC fintech with product engineering investing and operations roles","NYC fintech source"
259,Oscar Health,https://www.hioscar.com/careers,US,2,"NYC health insurance tech company with data product and operations roles","NYC healthtech source"
260,Flatiron Health,https://flatiron.com/careers,US,2,"NYC health data company with engineering analytics and operations roles","NYC healthtech source"
261,Zocdoc,https://www.zocdoc.com/about/careers,US,2,"NYC health marketplace with software product and operations roles","NYC healthtech source"
262,Ro,https://ro.co/careers,US,2,"NYC digital health company with software data product and operations roles","NYC healthtech source"
263,Spring Health,https://www.springhealth.com/careers,US/Canada,2,"Mental health tech company with product data engineering and operations roles","Healthtech source"
264,Headway,https://headway.co/careers,US,2,"NYC healthtech marketplace with software product and operations roles","NYC healthtech source"
265,Cityblock Health,https://www.cityblock.com/careers,US,3,"Healthcare company with data operations product and community roles","Healthtech source"
266,Oscar,https://www.hioscar.com/careers,US,3,"Health insurance technology company with data and product roles","Healthtech source"
267,Dataminr,https://www.dataminr.com/careers,US/Canada,2,"NYC AI real-time information company with software and data roles","NYC AI/data source"
268,UiPath,https://www.uipath.com/careers,US/Canada,2,"Automation software company with engineering product and sales roles","Enterprise automation source"
269,Cockroach Labs,https://www.cockroachlabs.com/careers,US/Canada,2,"Database infrastructure company with software engineering roles","NYC infrastructure source"
270,DigitalOcean,https://www.digitalocean.com/careers,US/Canada/Remote,2,"Cloud infrastructure company with engineering product and support roles","Cloud source"
271,Vercel,https://vercel.com/careers,US/Canada/Remote,1,"Developer platform company with high-signal engineering and product roles","Developer tools priority"
272,Linear,https://linear.app/careers,US/Canada/Remote,2,"Developer productivity startup with product engineering roles","Developer tools source"
273,Replit,https://replit.com/careers,US/Canada/Remote,2,"Developer platform and AI coding company with engineering roles","Developer tools/AI source"
274,Anysphere,https://anysphere.co/careers,US/Canada,1,"AI coding tool company with high-value engineering roles","AI developer tools priority"
275,Perplexity AI,https://www.perplexity.ai/careers,US/Canada,1,"AI search company with engineering product and ML roles","AI priority"
276,Harvey,https://www.harvey.ai/careers,US/Canada,1,"Legal AI company with software ML and go-to-market roles","Legal AI priority"
277,Runway,https://runwayml.com/careers,US/Canada,2,"AI video and creative tools company with ML and product roles","AI/creative tools source"
278,Character.AI,https://character.ai/careers,US/Canada,2,"AI consumer platform with ML product and engineering roles","AI source"
279,ElevenLabs,https://elevenlabs.io/careers,US/Canada/Remote,2,"AI audio company with engineering ML and product roles","AI source"
280,Cursor,https://www.cursor.com/careers,US/Canada,1,"AI coding product with high-value engineering roles","AI developer tools priority"
281,Instabase,https://www.instabase.com/careers,US/Canada,2,"AI document automation company with engineering and product roles","AI enterprise source"
282,Airtable,https://www.airtable.com/careers,US/Canada,1,"Productivity SaaS with software product data and business roles","Bay Area SaaS priority"
283,Gusto,https://gusto.com/about/careers,US/Canada,1,"Payroll and HR fintech with engineering data product and operations roles","Bay Area fintech/SaaS priority"
284,Rippling,https://www.rippling.com/careers,US/Canada,1,"HR fintech platform with high job volume and many duplicate-prone listings","Bay Area SaaS priority"
285,Samsara,https://www.samsara.com/company/careers,US/Canada,1,"IoT operations platform with software data product and sales roles","Bay Area IoT priority"
286,Verkada,https://www.verkada.com/careers,US/Canada,2,"Physical security cloud company with engineering and operations roles","Bay Area hardware/software source"
287,Applied Intuition,https://www.appliedintuition.com/careers,US/Canada,2,"Autonomous vehicle software company with engineering and simulation roles","Bay Area deep tech source"
288,Zoox,https://zoox.com/careers,US/Canada,2,"Autonomous mobility company with robotics software and operations roles","Bay Area AV source"
289,Aurora,https://aurora.tech/careers,US/Canada,2,"Autonomous vehicle company with software robotics and operations roles","Autonomous vehicle source"
290,Nuro,https://www.nuro.ai/careers,US/Canada,3,"Autonomous delivery company with robotics and software roles","Bay Area robotics source"
291,Zipline,https://www.flyzipline.com/careers,US/Canada,2,"Robotics logistics company with software hardware and operations roles","Robotics/logistics source"
292,Skydio,https://www.skydio.com/careers,US/Canada,3,"Drone autonomy company with robotics software and hardware roles","Robotics source"
293,Wayve,https://wayve.ai/careers,US/Canada,2,"Autonomous driving AI company with ML and robotics roles","AI robotics source"
294,Figure AI,https://www.figure.ai/careers,US/Canada,2,"Humanoid robotics company with software robotics and hardware roles","Robotics priority"
295,Bright Machines,https://www.brightmachines.com/careers,US/Canada,3,"Industrial automation software and robotics company","Industrial tech source"
296,Formlabs,https://formlabs.com/careers,US/Canada,3,"3D printing company with hardware software and operations roles","Hardware startup source"
297,Freenome,https://www.freenome.com/careers,US,3,"Biotech AI diagnostics company with data and engineering roles","Bay Area biotech source"
298,Insitro,https://www.insitro.com/careers,US,3,"ML-driven biotech company with data science and engineering roles","AI biotech source"
299,Recursion,https://www.recursion.com/careers,US/Canada,3,"AI biotech company with data science engineering and operations roles","AI biotech source"
300,Tempus,https://www.tempus.com/careers,US,2,"Chicago health AI company with data software and clinical operations roles","Chicago healthtech priority"
301,Morningstar,https://www.morningstar.com/company/careers,US/Canada,1,"Chicago finance data company with software data analyst and product roles","Chicago finance/data priority"
302,CME Group,https://www.cmegroup.com/careers.html,US/Canada,1,"Chicago financial exchange with tech risk data and operations roles","Chicago finance priority"
303,Cboe,https://www.cboe.com/about/careers,US/Canada,2,"Exchange operator with finance technology and data roles","Chicago finance source"
304,Citadel,https://www.citadel.com/careers,US/Canada,1,"Chicago/NYC finance and engineering employer with high-value roles","Finance/engineering priority"
305,Citadel Securities,https://www.citadelsecurities.com/careers,US/Canada,1,"Trading technology company with software quant and finance roles","Finance/engineering priority"
306,DRW,https://drw.com/careers,US/Canada,2,"Chicago trading firm with software quant and operations roles","Chicago trading source"
307,IMC Trading,https://www.imc.com/us/careers,US,2,"Trading firm with engineering quant and analyst roles","Chicago trading source"
308,Optiver,https://optiver.com/working-at-optiver/career-opportunities,US,2,"Trading firm with software trading and quant roles","Trading source"
309,Hudson River Trading,https://www.hudsonrivertrading.com/careers,US/Canada,2,"Quant trading firm with software engineering roles","NYC trading source"
310,Two Sigma,https://www.twosigma.com/careers,US/Canada,2,"Quant finance company with data software and research roles","NYC finance/tech source"
311,Jane Street,https://www.janestreet.com/join-jane-street,US/Canada,2,"Quant trading company with software trading and research roles","NYC finance/tech source"
312,Point72,https://point72.com/careers,US/Canada,2,"Investment firm with analyst data and technology roles","NYC finance source"
313,Bridgewater Associates,https://www.bridgewater.com/careers,US,3,"Investment firm with finance technology and operations roles","Finance source"
314,Grubhub,https://careers.grubhub.com,US,2,"Chicago marketplace company with software product data and operations roles","Chicago tech source"
315,Vivid Seats,https://corporate.vividseats.com/careers,US,3,"Chicago marketplace company with engineering data and business roles","Chicago marketplace source"
316,Cars.com,https://www.cars.com/careers,US,3,"Chicago marketplace company with product engineering and data roles","Chicago marketplace source"
317,Relativity,https://www.relativity.com/company/careers,US/Canada,2,"Chicago legaltech company with software data and product roles","Chicago legaltech source"
318,TransUnion,https://www.transunion.com/careers,US/Canada,2,"Chicago credit data company with analytics software and finance roles","Chicago data/finance source"
319,Discover,https://jobs.discover.com,US,2,"Financial services company with tech risk finance and operations roles","Chicago finance source"
320,Northern Trust,https://www.northerntrust.com/united-states/careers,US/Canada,3,"Financial services company with analyst operations and technology roles","Chicago finance source"
321,Adyen,https://careers.adyen.com,US/Canada/Global,1,"Global payments company with engineering finance risk and operations roles","Fintech/payments priority"
322,Toast,https://careers.toasttab.com,US/Canada,1,"Restaurant fintech SaaS company with high job volume and many tech operations roles","Fintech/SaaS priority"
323,Lightspeed,https://www.lightspeedhq.com/careers,Canada/US/Global,1,"Canadian commerce platform with software product payments and operations roles","Canada SaaS priority"
324,Coveo,https://www.coveo.com/en/company/careers,Canada/US,2,"Canadian AI search and personalization company with software and data roles","Canada AI/SaaS source"
325,Hootsuite,https://careers.hootsuite.com,Canada/US/Remote,2,"Canadian social media management SaaS company with product engineering and business roles","Canada SaaS source"
326,Interac,https://www.interac.ca/en/careers,Canada,2,"Canadian payments network with fintech security data and operations roles","Canada fintech infrastructure"
327,Nuvei,https://nuvei.com/careers,Canada/US/Global,2,"Canadian payments company with engineering product risk and finance roles","Canada payments source"
328,Questrade,https://www.questrade.com/about-us/careers,Canada,2,"Canadian fintech and brokerage company with tech finance and operations roles","Canada fintech source"
329,Coinsquare,https://coinsquare.com/careers,Canada,3,"Canadian crypto fintech company with compliance product and engineering roles","Canada fintech source"
330,Neo Financial,https://www.neofinancial.com/careers,Canada,2,"Canadian fintech with banking product engineering and operations roles","Canada fintech priority"
331,Wave,https://www.waveapps.com/careers,Canada,2,"Canadian small business finance SaaS company with engineering and product roles","Canada fintech/SaaS source"
332,Mercury,https://mercury.com/jobs,US/Canada/Remote,1,"Startup banking fintech with engineering product compliance and operations roles","Fintech priority"
333,Modern Treasury,https://www.moderntreasury.com/careers,US/Canada,2,"Payments infrastructure company with engineering product and operations roles","Fintech infrastructure source"
334,Alloy,https://www.alloy.com/careers,US/Canada,2,"Identity and risk infrastructure company for fintech and banks","Fintech risk source"
335,Persona,https://withpersona.com/careers,US/Canada,2,"Identity verification company with engineering security product and operations roles","Identity/security source"
336,Sardine,https://www.sardine.ai/careers,US/Canada,2,"Fraud prevention fintech company with risk engineering and data roles","Fintech fraud source"
337,Unit,https://www.unit.co/careers,US/Canada,2,"Banking-as-a-service platform with engineering product compliance roles","Fintech infrastructure source"
338,Column,https://column.com/careers,US,3,"Banking infrastructure company with software finance and operations roles","Fintech infrastructure source"
339,Checkr,https://checkr.com/careers,US/Canada,2,"Background check platform with engineering product compliance and operations roles","HR/compliance tech source"
340,Vanta,https://www.vanta.com/careers,US/Canada/Remote,1,"Security compliance SaaS company with high-growth engineering and product roles","Security SaaS priority"
341,Drata,https://drata.com/careers,US/Canada,2,"Security compliance automation company with software product and sales roles","Security SaaS source"
342,Wiz,https://www.wiz.io/careers,US/Canada/Global,1,"Cloud security company with high-growth security engineering and sales roles","Cybersecurity priority"
343,Snyk,https://snyk.io/careers,US/Canada/Remote,1,"Developer security platform with engineering product and security roles","Cybersecurity/devtools priority"
344,Lacework,https://www.lacework.com/careers,US/Canada,2,"Cloud security company with engineering security and go-to-market roles","Cybersecurity source"
345,Abnormal Security,https://abnormalsecurity.com/careers,US/Canada,2,"AI email security company with software ML and security roles","AI cybersecurity source"
346,SentinelOne,https://www.sentinelone.com/careers,US/Canada,2,"Cybersecurity company with endpoint cloud AI and security roles","Cybersecurity source"
347,CrowdStrike,https://www.crowdstrike.com/careers,US/Canada/Remote,1,"Large cybersecurity company with high job volume and remote roles","Cybersecurity priority"
348,Palo Alto Networks,https://jobs.paloaltonetworks.com,US/Canada,1,"Large cybersecurity employer with software cloud security and sales roles","Cybersecurity priority"
349,Zscaler,https://www.zscaler.com/careers,US/Canada,2,"Cloud security company with software security product and operations roles","Cybersecurity source"
350,Okta,https://www.okta.com/careers,US/Canada,1,"Identity platform with software security product and support roles","Identity/security priority"
351,Docker,https://www.docker.com/careers,US/Canada/Remote,1,"Developer infrastructure company with software platform and product roles","Developer tools priority"
352,Postman,https://www.postman.com/company/careers,US/Canada,1,"API platform company with developer tools engineering and product roles","Developer tools/API priority"
353,Sentry,https://sentry.io/careers,US/Canada/Remote,2,"Developer observability company with software platform and product roles","Developer tools source"
354,Grafana Labs,https://grafana.com/about/careers,US/Canada/Remote,2,"Open-source observability company with infra engineering and remote roles","Infrastructure/observability source"
355,Supabase,https://supabase.com/careers,US/Canada/Remote,2,"Open-source backend platform with developer tools and database roles","Developer tools/database source"
356,Neon,https://neon.tech/careers,US/Canada/Remote,2,"Serverless Postgres company with database infrastructure engineering roles","Database infrastructure source"
357,PlanetScale,https://planetscale.com/careers,US/Canada/Remote,2,"Database platform company with infrastructure and developer tools roles","Database/devtools source"
358,Timescale,https://www.timescale.com/careers,US/Canada/Remote,3,"Postgres time-series database company with engineering and product roles","Database source"
359,Cockroach Labs,https://www.cockroachlabs.com/careers,US/Canada,2,"Distributed SQL database company with software engineering roles","Database infrastructure source"
360,ClickHouse,https://clickhouse.com/company/careers,US/Canada/Remote,2,"Analytics database company with infrastructure engineering and product roles","Database/analytics source"
361,dbt Labs,https://www.getdbt.com/careers,US/Canada/Remote,2,"Analytics engineering platform with data infrastructure and product roles","Data tooling source"
362,Fivetran,https://www.fivetran.com/careers,US/Canada,2,"Data integration company with engineering product and customer roles","Data infrastructure source"
363,Airbyte,https://airbyte.com/careers,US/Canada/Remote,3,"Open-source data movement company with engineering and developer tools roles","Data infrastructure source"
364,Hightouch,https://hightouch.com/careers,US/Canada,3,"Data activation platform with engineering product and go-to-market roles","Data tooling source"
365,Census,https://www.getcensus.com/careers,US/Canada,3,"Reverse ETL data platform with engineering and product roles","Data tooling source"
366,Monte Carlo,https://www.montecarlodata.com/careers,US/Canada,3,"Data observability company with software data and product roles","Data observability source"
367,Hex,https://hex.tech/careers,US/Canada,3,"Data workspace company with product engineering and analytics roles","Data/productivity source"
368,Mode,https://mode.com/careers,US/Canada,3,"Analytics platform with data product and engineering roles","Data analytics source"
369,Amplitude,https://amplitude.com/careers,US/Canada,2,"Product analytics company with software data and product roles","Product analytics source"
370,Mixpanel,https://mixpanel.com/careers,US/Canada,3,"Product analytics company with software data and go-to-market roles","Product analytics source"
371,Segment,https://segment.com/jobs,US/Canada,3,"Customer data platform with data engineering and product roles","Customer data source"
372,Klaviyo,https://www.klaviyo.com/careers,US/Canada,1,"Marketing automation company with high job volume engineering data and product roles","SaaS/marketing tech priority"
373,Braze,https://www.braze.com/careers,US/Canada,2,"Customer engagement SaaS company with engineering product and data roles","Marketing tech source"
374,Iterable,https://iterable.com/careers,US/Canada,3,"Marketing automation company with software product and customer roles","Marketing tech source"
375,Attentive,https://www.attentive.com/careers,US/Canada,3,"Marketing tech company with product engineering data and sales roles","Marketing tech source"
376,Webflow,https://webflow.com/careers,US/Canada/Remote,1,"No-code web platform with software product design and customer roles","Creator/devtools priority"
377,Framer,https://www.framer.com/careers,US/Canada/Remote,2,"Design and website platform with product engineering and design roles","Creator tools source"
378,Miro,https://miro.com/careers,US/Canada/Global,1,"Collaboration platform with product engineering data and business roles","Productivity SaaS priority"
379,Calendly,https://careers.calendly.com,US/Canada/Remote,2,"Scheduling SaaS company with engineering product and business roles","Productivity SaaS source"
380,Zapier,https://zapier.com/jobs,US/Canada/Remote,1,"Automation platform with remote software product and operations roles","Automation/remote priority"
381,Make,https://www.make.com/en/careers,US/Canada/Global,3,"Automation platform with engineering product and operations roles","Automation source"
382,Grammarly,https://www.grammarly.com/jobs,US/Canada/Remote,1,"AI writing platform with engineering ML product and business roles","AI productivity priority"
383,Duolingo,https://careers.duolingo.com,US/Canada,2,"Consumer edtech company with software ML product and data roles","Edtech/AI source"
384,Coursera,https://about.coursera.org/careers,US/Canada/Remote,2,"Edtech platform with software product data and operations roles","Edtech source"
385,Udemy,https://about.udemy.com/careers,US/Canada,3,"Edtech marketplace with software product data and business roles","Edtech source"
386,MasterClass,https://careers.masterclass.com,US/Canada,3,"Consumer education/media company with product engineering and content roles","Edtech/media source"
387,Synthesia,https://www.synthesia.io/careers,US/Canada/Global,2,"AI video company with ML engineering product and go-to-market roles","AI video source"
388,Pika,https://pika.art/careers,US/Canada,2,"AI video generation company with ML product and engineering roles","AI video source"
389,Midjourney,https://www.midjourney.com/careers,US/Canada,2,"AI image generation company with research engineering and product roles","AI creative tools source"
390,Ideogram,https://ideogram.ai/careers,Canada/US,2,"Toronto AI image generation company with ML and engineering roles","Canada AI priority"
391,Stability AI,https://stability.ai/careers,US/Canada/Remote,3,"Generative AI company with ML engineering and product roles","AI source"
392,Writer,https://writer.com/careers,US/Canada,2,"Enterprise generative AI company with engineering product and sales roles","Enterprise AI source"
393,Jasper,https://www.jasper.ai/careers,US/Canada,3,"AI marketing platform with product engineering and go-to-market roles","AI marketing source"
394,Glean,https://www.glean.com/careers,US/Canada,1,"Enterprise AI search company with engineering ML and product roles","Enterprise AI priority"
395,Hebbia,https://www.hebbia.ai/careers,US/Canada,2,"AI knowledge work platform with engineering ML and product roles","Enterprise AI source"
396,LangChain,https://www.langchain.com/careers,US/Canada/Remote,2,"LLM developer tools company with infrastructure and AI engineering roles","AI developer tools source"
397,LlamaIndex,https://www.llamaindex.ai/careers,US/Canada/Remote,2,"LLM data framework company with AI infrastructure and developer tools roles","AI developer tools source"
398,Together AI,https://www.together.ai/careers,US/Canada,1,"AI infrastructure company with model serving research and systems roles","AI infrastructure priority"
399,Fireworks AI,https://fireworks.ai/careers,US/Canada,2,"AI inference platform with systems ML and infrastructure roles","AI infrastructure source"
400,Modal,https://modal.com/careers,US/Canada,2,"Cloud platform for AI workloads with infrastructure and developer tools roles","AI/cloud infrastructure source"
401,Baseten,https://www.baseten.co/careers,US/Canada,2,"AI model deployment platform with ML infrastructure and product roles","AI infrastructure source"
402,Replicate,https://replicate.com/careers,US/Canada/Remote,2,"AI model hosting platform with infrastructure and developer tools roles","AI infrastructure source"
403,Anyscale,https://www.anyscale.com/careers,US/Canada,2,"AI distributed computing platform with ML infrastructure engineering roles","AI infrastructure source"
404,CoreWeave,https://www.coreweave.com/careers,US/Canada,1,"AI cloud infrastructure company with high-growth data center and engineering roles","AI cloud priority"
405,Lambda,https://lambdalabs.com/careers,US/Canada,2,"GPU cloud company with AI infrastructure hardware and software roles","AI cloud source"
406,Cerebras,https://www.cerebras.ai/careers,US/Canada,2,"AI hardware and systems company with ML compiler and infrastructure roles","AI hardware source"
407,Groq,https://groq.com/careers,US/Canada,2,"AI inference hardware company with compiler systems and software roles","AI hardware/inference source"
408,SambaNova,https://sambanova.ai/careers,US/Canada,3,"AI systems company with ML hardware software and enterprise roles","AI systems source"
409,Tenstorrent,https://tenstorrent.com/careers,Canada/US,2,"AI chip company with Canada and US engineering roles","Canada AI hardware source"
410,D-Wave,https://www.dwavesys.com/company/careers,Canada/US,3,"Canadian quantum computing company with software research and engineering roles","Canada quantum source"
411,IonQ,https://ionq.com/careers,US/Canada,3,"Quantum computing company with software research and engineering roles","Quantum source"
412,Rigetti Computing,https://www.rigetti.com/careers,US/Canada,3,"Quantum computing company with engineering research and software roles","Quantum source"
413,PsiQuantum,https://www.psiquantum.com/careers,US/Canada,3,"Quantum computing company with hardware software and research roles","Quantum source"
414,NotCo,https://notco.com/careers,US/Canada/Global,3,"AI foodtech company with data product operations and science roles","Foodtech/AI source"
415,Carbon Health,https://carbonhealth.com/careers,US,3,"Healthcare company with product data operations and technology roles","Healthtech source"
416,Commure,https://www.commure.com/careers,US/Canada,2,"Healthcare software company with engineering product data and operations roles","Healthtech source"
417,Abridge,https://www.abridge.com/careers,US/Canada,2,"AI healthcare documentation company with ML engineering and product roles","AI healthtech source"
418,Nabla,https://www.nabla.com/careers,US/Canada/Remote,3,"AI clinical assistant company with software ML and product roles","AI healthtech source"
419,Hippocratic AI,https://www.hippocraticai.com/careers,US/Canada,3,"Healthcare AI company with product ML and operations roles","AI healthtech source"
420,Ambience Healthcare,https://www.ambiencehealthcare.com/careers,US/Canada,3,"AI healthcare documentation company with engineering ML and product roles","AI healthtech source"