companyName,connectorName,sourceType,sourceName,status,pollState,cooldownUntil,retainedLiveJobCount,allTimeJobsCreated,recentRuns,recentFailedRuns,recentFetched,recentAccepted,recentCreated,recentDeduped,runtimeMinutes,createdPerMinute,acceptedPerMinute,duplicateRate,failureRate,allTimePollSuccessRate,lastSuccessfulPollAt,lastFailureAt,lastHttpStatus,recommendation
Openai,ashby,ATS,Ashby:openai,DEGRADED,BACKOFF,2026-05-31T19:29:02.259Z,864,220,43,42,4307,4306,0,0,126.756,0,33.971,0,0.977,0.002,2026-05-30T21:24:39.195Z,2026-05-31T18:44:02.259Z,,COOLDOWN_SLOW_LOW_YIELD
Vancouver Coastal Health,icims,ATS,iCIMS:careers-vch,DEGRADED,BACKOFF,2026-05-31T19:28:57.819Z,48,250,33,33,3058,3058,0,0,84.483,0,36.197,0,1,0.001,2026-05-28T22:30:32.858Z,2026-05-31T19:18:57.819Z,,COOLDOWN_SLOW_LOW_YIELD
00104 Equinix LLC,workday,ATS,Workday:equinix.wd1.myworkdayjobs.com|equinix|external,ACTIVE,READY,2026-05-31T20:14:53.770Z,378,436,14,11,1447,1447,0,0,67.686,0,21.378,0,0.786,0.054,2026-05-31T17:14:53.770Z,,200,COOLDOWN_SLOW_LOW_YIELD
Varian Medical Systems,workday,ATS,Workday:onehealthineers.wd3.myworkdayjobs.com|onehealthineers|shsjb,DEGRADED,BACKOFF,2026-06-01T01:00:50.178Z,524,525,15,9,3372,3365,0,0,66.735,0,50.424,0,0.6,0.5,2026-05-31T15:59:27.476Z,2026-05-31T19:00:50.178Z,403,COOLDOWN_SLOW_LOW_YIELD
Tumblr,company-site,COMPANY_JSON,CompanyJson:tumblr,ACTIVE,READY,2026-05-31T22:00:58.834Z,75,91,15,9,440,440,1,0,65.227,0.015,6.746,0,0.6,0.08,2026-05-31T19:00:58.834Z,,200,COOLDOWN_SLOW_LOW_YIELD
Snowflake,ashby,ATS,Ashby:snowflake,DEGRADED,BACKOFF,2026-05-31T20:18:57.842Z,406,364,23,21,2849,2803,1,0,60.225,0.017,46.542,0,0.913,0.045,2026-05-31T03:19:38.506Z,2026-05-31T19:18:57.842Z,,COOLDOWN_SLOW_LOW_YIELD
Crusoe,ashby,ATS,Ashby:crusoe,ACTIVE,BACKOFF,2026-05-31T20:08:52.042Z,323,204,19,13,2285,2285,0,0,58.386,0,39.136,0,0.684,0.048,2026-05-31T14:03:12.466Z,,200,COOLDOWN_SLOW_LOW_YIELD
Prolific Academic Ltd,greenhouse,ATS,Greenhouse:prolificacademicltd,DEGRADED,BACKOFF,2026-05-31T19:48:30.677Z,3223,10,16,11,17980,17980,0,0,57.515,0,312.615,0,0.688,0.056,2026-05-31T03:13:01.115Z,2026-05-31T11:48:30.677Z,,COOLDOWN_SLOW_LOW_YIELD
Lyra Health,lever,ATS,Lever:lyrahealth,ACTIVE,READY,2026-05-31T22:19:44.579Z,418,129,20,16,2591,2591,0,0,57.176,0,45.316,0,0.8,0.012,2026-05-31T19:19:44.579Z,,200,COOLDOWN_SLOW_LOW_YIELD
AccorHotel,smartrecruiters,ATS,SmartRecruiters:accorhotel,DEGRADED,BACKOFF,2026-06-01T04:36:50.244Z,40,32,19,19,29157,260,0,0,56.845,0,4.574,0,1,0.041,2026-05-28T23:03:00.961Z,2026-05-31T16:36:50.244Z,,COOLDOWN_SLOW_LOW_YIELD
MaintainX,ashby,ATS,Ashby:maintainx,DEGRADED,BACKOFF,2026-05-31T22:23:24.208Z,190,203,14,9,1394,1394,0,0,51.83,0,26.895,0,0.643,0.165,2026-05-31T08:13:02.185Z,2026-05-31T16:23:24.208Z,,COOLDOWN_SLOW_LOW_YIELD
RBC,workday,ATS,Workday:rbc.wd3.myworkdayjobs.com|rbc|rbcglobal1,DEGRADED,BACKOFF,2026-05-31T20:52:16.927Z,78,99,24,24,0,0,0,0,49.514,0,0,0,1,0.022,2026-05-29T20:08:23.734Z,2026-05-31T19:22:16.927Z,,COOLDOWN_SLOW_LOW_YIELD
AspenTech,workday,ATS,Workday:aspentech.wd5.myworkdayjobs.com|aspentech|aspentech,ACTIVE,BACKOFF,2026-05-31T19:56:26.892Z,164,92,13,8,837,837,1,2,47.872,0.021,17.484,0.002,0.615,0.054,2026-05-31T13:55:19.027Z,,200,COOLDOWN_SLOW_LOW_YIELD
Svetness,greenhouse,ATS,Greenhouse:svetness,DEGRADED,BACKOFF,2026-06-01T01:07:05.917Z,4869,223,15,11,47751,47751,0,0,47.513,0,1005.006,0,0.733,0.045,2026-05-31T02:52:23.323Z,2026-05-31T15:07:05.917Z,,COOLDOWN_SLOW_LOW_YIELD
McGill University,workday,ATS,Workday:mcgill.wd3.myworkdayjobs.com|mcgill|mcgill_careers,ACTIVE,BACKOFF,2026-05-31T20:08:52.042Z,392,44,13,8,2350,2350,1,1,47.114,0.021,49.879,0,0.615,0.548,2026-05-31T13:04:39.223Z,,200,COOLDOWN_SLOW_LOW_YIELD
Taleo,taleo,ATS,Taleo:worleyparsons/extm,ACTIVE,READY,2026-05-31T21:49:36.385Z,0,0,58,2,3209,0,0,0,46.283,0,0,0,0.034,1,2026-05-31T18:49:36.385Z,,200,COOLDOWN_SLOW_LOW_YIELD
"APPLIED ENERGETICS,",ashby,ATS,Ashby:applied,DEGRADED,BACKOFF,2026-05-31T20:08:52.042Z,213,185,14,11,1152,1152,0,0,45.675,0,25.222,0,0.786,0.228,2026-05-31T09:46:10.380Z,2026-05-31T15:07:04.125Z,,COOLDOWN_SLOW_LOW_YIELD
ALO,greenhouse,ATS,Greenhouse:aloyoga,ACTIVE,BACKOFF,2026-05-31T22:01:44.039Z,631,202,15,9,3282,3282,0,0,44.293,0,74.098,0,0.6,0.102,2026-05-31T16:01:42.035Z,,200,COOLDOWN_SLOW_LOW_YIELD
Saronic,ashby,ATS,Ashby:saronic,ACTIVE,BACKOFF,2026-05-31T21:27:41.765Z,276,212,12,10,1188,1188,0,0,43.955,0,27.028,0,0.833,0.147,2026-05-31T05:55:20.559Z,,200,COOLDOWN_SLOW_LOW_YIELD
Magna,workday,ATS,Workday:magna.wd3.myworkdayjobs.com|magna|magna,DEGRADED,BACKOFF,2026-05-31T23:03:57.389Z,10,64,11,11,0,0,0,0,43.008,0,0,0,1,0.012,2026-05-22T20:09:56.756Z,2026-05-31T11:03:57.389Z,403,COOLDOWN_SLOW_LOW_YIELD
BMO,workday,ATS,Workday:bmo.wd3.myworkdayjobs.com|bmo|external,DEGRADED,BACKOFF,2026-06-01T05:57:13.949Z,319,72,23,23,0,0,0,0,42.852,0,0,0,1,0.015,2026-05-28T12:38:48.638Z,2026-05-31T17:57:13.949Z,403,COOLDOWN_SLOW_LOW_YIELD
Altom Transport,workable,ATS,Workable:altom-transport,ACTIVE,READY,2026-05-31T22:20:47.283Z,514,11,14,10,2969,2969,0,0,42.755,0,69.442,0,0.714,0.058,2026-05-31T19:20:47.283Z,,200,COOLDOWN_SLOW_LOW_YIELD
Taleo,taleo,ATS,Taleo:worleyparsons/ext,ACTIVE,READY,2026-05-31T19:26:26.517Z,0,0,46,5,2416,0,0,0,41.475,0,0,0,0.109,0.984,2026-05-31T19:24:26.517Z,,200,COOLDOWN_SLOW_LOW_YIELD
Renuity,ashby,ATS,Ashby:renuity,DEGRADED,BACKOFF,2026-06-01T03:59:20.121Z,429,461,15,14,1529,1529,0,0,41.377,0,36.953,0,0.933,0.063,2026-05-30T21:22:56.677Z,2026-05-31T15:59:20.121Z,,COOLDOWN_SLOW_LOW_YIELD
Bjakcareer,ashby,ATS,Ashby:bjakcareer,ACTIVE,READY,2026-05-31T19:31:16.667Z,384,410,20,13,2926,2913,0,0,41.253,0,70.614,0,0.65,0.051,2026-05-31T17:31:16.667Z,,200,COOLDOWN_SLOW_LOW_YIELD
TurnerTownsend,smartrecruiters,ATS,SmartRecruiters:turnertownsend,DEGRADED,BACKOFF,2026-05-31T19:28:45.128Z,0,0,20,20,3613,819,0,0,38.825,0,21.095,0,1,0,,2026-05-31T18:43:45.128Z,,COOLDOWN_SLOW_LOW_YIELD
BRUNSWICK,workday,ATS,Workday:brunswick.wd1.myworkdayjobs.com|brunswick|search,DEGRADED,BACKOFF,2026-05-31T22:28:44.043Z,427,266,11,9,1102,1102,0,0,37.743,0,29.197,0,0.818,0.173,2026-05-31T13:24:42.531Z,2026-05-31T16:28:44.043Z,403,COOLDOWN_SLOW_LOW_YIELD
Emory University,icims,ATS,iCIMS:staff-emory,ACTIVE,BACKOFF,2026-05-31T19:27:33.797Z,334,259,15,10,2564,2564,0,0,36.711,0,69.842,0,0.667,0.015,2026-05-31T13:21:09.621Z,,200,COOLDOWN_SLOW_LOW_YIELD
Zebra,workday,ATS,Workday:zeissgroup.wd3.myworkdayjobs.com|zeissgroup|external,DEGRADED,BACKOFF,2026-05-31T22:00:28.956Z,797,721,15,15,355,354,0,0,36.567,0,9.681,0,1,0.001,2026-05-30T18:56:39.522Z,2026-05-31T18:00:28.956Z,,COOLDOWN_SLOW_LOW_YIELD
Boxlunch,lever,ATS,Lever:boxlunch,DEGRADED,BACKOFF,2026-05-31T22:24:46.576Z,2590,7,20,14,21368,21368,0,0,36.044,0,592.829,0,0.7,0.025,2026-05-31T12:31:41.275Z,2026-05-31T16:24:46.576Z,,COOLDOWN_SLOW_LOW_YIELD
B8115 Bob's Discount Furniture LLC,workday,ATS,Workday:bobsdf.wd1.myworkdayjobs.com|bobsdf|bobs_careers,ACTIVE,BACKOFF,2026-05-31T21:48:00.271Z,314,225,10,7,1135,1135,0,0,35.715,0,31.779,0,0.7,0.045,2026-05-31T15:45:54.075Z,,200,COOLDOWN_SLOW_LOW_YIELD
TekSynap,icims,ATS,iCIMS:careers-teksynap,DEGRADED,BACKOFF,2026-05-31T19:45:58.377Z,397,405,14,12,1462,1462,0,0,35.169,0,41.57,0,0.857,0.074,2026-05-31T12:25:57.667Z,2026-05-31T19:20:58.377Z,,COOLDOWN_SLOW_LOW_YIELD
Thales,workday,ATS,Workday:thales.wd3.myworkdayjobs.com|thales|careers,DEGRADED,BACKOFF,2026-06-01T02:04:55.870Z,359,355,18,18,0,0,0,0,34.705,0,0,0,1,0.001,2026-05-29T22:59:10.804Z,2026-05-31T14:04:55.870Z,403,COOLDOWN_SLOW_LOW_YIELD
SpaceX backer 137 Ventures raises,greenhouse,ATS,Greenhouse:spacex,ACTIVE,BACKOFF,2026-05-31T20:08:52.042Z,1673,111,12,8,9761,9761,0,0,33.949,0,287.523,0,0.667,0.029,2026-05-31T14:03:01.978Z,,200,COOLDOWN_SLOW_LOW_YIELD
EquipmentShare.com,greenhouse,ATS,Greenhouse:equipmentsharecom,DEGRADED,BACKOFF,2026-05-31T21:59:18.296Z,955,844,17,11,6980,6980,0,0,32.924,0,212.005,0,0.647,0.073,2026-05-31T09:58:45.341Z,2026-05-31T15:59:18.296Z,,COOLDOWN_SLOW_LOW_YIELD
Peraton,icims,ATS,iCIMS:careers-peraton,DEGRADED,BACKOFF,2026-05-31T22:01:08.634Z,0,0,21,21,0,0,0,0,32.429,0,0,0,1,0.006,2026-05-30T09:04:09.001Z,2026-05-31T18:01:08.634Z,,COOLDOWN_SLOW_LOW_YIELD
Tsmg,lever,ATS,Lever:tsmg,DEGRADED,BACKOFF,2026-05-31T22:24:46.093Z,3268,143,15,11,22336,22336,0,0,31.308,0,713.436,0,0.733,0.027,2026-05-31T12:28:42.715Z,2026-05-31T16:24:46.093Z,,COOLDOWN_SLOW_LOW_YIELD
M-KOPA,ashby,ATS,Ashby:m-kopa,DEGRADED,BACKOFF,2026-06-01T04:28:15.486Z,91,92,9,9,63,63,0,0,30.897,0,2.039,0,1,0.563,2026-05-30T18:41:20.508Z,2026-05-31T18:28:15.486Z,,COOLDOWN_SLOW_LOW_YIELD
Nord Security,ashby,ATS,Ashby:nord-security,ACTIVE,READY,2026-05-31T20:34:24.133Z,154,157,12,8,735,735,0,0,30.895,0,23.79,0,0.667,0.804,2026-05-31T19:04:24.133Z,,200,COOLDOWN_SLOW_LOW_YIELD
Academy Sports and Outdoors,company-site,COMPANY_JSON,CompanyJson:academysportsandoutdoors,ACTIVE,READY,2026-05-31T22:03:13.648Z,60,60,9,6,168,168,0,0,30.747,0,5.464,0,0.667,0.3,2026-05-31T19:03:13.648Z,,200,COOLDOWN_SLOW_LOW_YIELD
Whitecap,workday,ATS,Workday:whitecap.wd1.myworkdayjobs.com|whitecap|careers,DEGRADED,BACKOFF,2026-06-01T04:36:28.307Z,533,21,9,9,0,0,0,0,30.616,0,0,0,1,0.02,2026-05-29T23:11:16.767Z,2026-05-31T16:36:28.307Z,403,COOLDOWN_SLOW_LOW_YIELD
Capco,greenhouse,ATS,Greenhouse:capco,DEGRADED,BACKOFF,2026-05-31T22:24:46.573Z,783,319,13,8,4639,4638,0,0,30.115,0,154.009,0,0.615,0.122,2026-05-31T12:44:31.214Z,2026-05-31T16:24:46.573Z,,COOLDOWN_SLOW_LOW_YIELD
CloudFactory,workable,ATS,Workable:cloudfactory,DEGRADED,BACKOFF,2026-05-31T21:11:20.038Z,27,27,14,9,423,423,0,0,29.374,0,14.4,0,0.643,0.647,2026-05-31T11:46:08.809Z,2026-05-31T17:11:20.038Z,,COOLDOWN_SLOW_LOW_YIELD
Microsoft,official-company,COMPANY_JSON,OfficialCompany:Microsoft,DEGRADED,BACKOFF,2026-06-01T01:39:40.408Z,1503,346,3,3,127,126,0,0,28.955,0,4.352,0,1,0.022,2026-05-30T05:48:45.202Z,2026-05-31T13:39:40.408Z,,COOLDOWN_SLOW_LOW_YIELD
TTI,workday,ATS,Workday:tti.wd1.myworkdayjobs.com|tti|milwaukee,ACTIVE,BACKOFF,2026-05-31T19:58:18.556Z,249,31,6,5,310,310,0,0,28.657,0,10.817,0,0.833,0.041,2026-05-31T13:57:42.506Z,,200,COOLDOWN_SLOW_LOW_YIELD
Power Corp,workday,ATS,Workday:jll.wd1.myworkdayjobs.com|jll|jllcareers,DEGRADED,BACKOFF,2026-05-31T22:28:56.940Z,219,219,17,17,0,0,0,0,28.634,0,0,0,1,0,2026-05-29T16:00:50.485Z,2026-05-31T16:28:56.940Z,403,COOLDOWN_SLOW_LOW_YIELD
Harris Computer,workday,ATS,Workday:harriscomputer.wd3.myworkdayjobs.com|harriscomputer|1,DEGRADED,BACKOFF,2026-05-31T21:46:36.640Z,218,82,6,6,107,107,0,0,28.41,0,3.766,0,1,0.081,2026-05-29T23:28:33.775Z,2026-05-31T11:46:36.640Z,,COOLDOWN_SLOW_LOW_YIELD
Truelogic,ashby,ATS,Ashby:truelogic,DEGRADED,BACKOFF,2026-06-01T03:01:26.762Z,155,136,10,9,322,288,0,0,26.877,0,10.715,0,0.9,0.045,2026-05-31T02:20:55.502Z,2026-05-31T19:01:26.762Z,,COOLDOWN_SLOW_LOW_YIELD
Accenture Federal Services,greenhouse,ATS,Greenhouse:accenturefederalservices,ACTIVE,READY,2026-05-31T22:07:40.583Z,617,40,11,8,2086,2086,0,0,26.814,0,77.795,0,0.727,0.024,2026-05-31T19:07:40.583Z,,200,COOLDOWN_SLOW_LOW_YIELD
TD,workday,ATS,Workday:td.wd3.myworkdayjobs.com|td|td_bank_careers,DEGRADED,BACKOFF,2026-05-31T20:51:36.825Z,254,329,17,16,0,0,0,0,26.745,0,0,0,0.941,0.012,2026-05-29T17:41:31.339Z,2026-05-31T18:51:36.825Z,,COOLDOWN_SLOW_LOW_YIELD
Bowhead,icims,ATS,iCIMS:bowheadcareers-uicalaska,ACTIVE,READY,2026-05-31T21:31:31.739Z,296,74,10,8,691,691,0,0,26.582,0,25.995,0,0.8,0.048,2026-05-31T18:31:31.739Z,,200,COOLDOWN_SLOW_LOW_YIELD
Ontario Teachers,company-site,COMPANY_HTML,CompanyHtml:ontarioteachers,ACTIVE,READY,2026-06-01T02:24:39.692Z,6,6,5,3,22,22,0,0,26.501,0,0.83,0,0.6,0.625,2026-05-31T14:24:39.692Z,,200,COOLDOWN_SLOW_LOW_YIELD
Distro,lever,ATS,Lever:distro,DEGRADED,BACKOFF,2026-05-31T23:00:28.749Z,177,114,14,9,1065,1065,0,0,26.486,0,40.211,0,0.643,0.118,2026-05-31T15:08:25.891Z,2026-05-31T19:00:28.749Z,,COOLDOWN_SLOW_LOW_YIELD
Hadrian automation,ashby,ATS,Ashby:hadrian-automation,ACTIVE,READY,2026-05-31T19:36:49.885Z,161,162,11,7,601,601,1,0,26.459,0.038,22.714,0,0.636,0.043,2026-05-31T17:36:49.885Z,,200,COOLDOWN_SLOW_LOW_YIELD
The Andersons,workday,ATS,Workday:andersonsinc.wd1.myworkdayjobs.com|andersonsinc|theandersonscareers,DEGRADED,BACKOFF,2026-05-31T19:59:27.879Z,96,96,9,6,451,451,0,0,26.264,0,17.172,0,0.667,0.625,2026-05-31T10:16:19.005Z,2026-05-31T15:59:27.879Z,,COOLDOWN_SLOW_LOW_YIELD
Vanta,ashby,ATS,Ashby:vanta,ACTIVE,BACKOFF,2026-05-31T20:08:52.042Z,136,119,11,8,496,496,0,0,25.234,0,19.656,0,0.727,0.068,2026-05-31T05:32:19.819Z,,200,COOLDOWN_SLOW_LOW_YIELD
Dentsuaegis,workday,ATS,Workday:dentsuaegis.wd3.myworkdayjobs.com|dentsuaegis|dan_global,DEGRADED,BACKOFF,2026-06-01T00:05:52.155Z,537,366,15,15,0,0,0,0,25.026,0,0,0,1,0.056,2026-05-28T16:27:12.960Z,2026-05-31T14:05:52.155Z,,COOLDOWN_SLOW_LOW_YIELD
WPP Media,greenhouse,ATS,Greenhouse:wppmedia,DEGRADED,BACKOFF,2026-05-31T23:07:06.217Z,1293,47,9,6,5263,5260,1,0,24.462,0.041,215.029,0,0.667,0.055,2026-05-31T04:29:50.098Z,2026-05-31T15:07:06.217Z,,COOLDOWN_SLOW_LOW_YIELD
Fresenius Medical Care,workday,ATS,Workday:freseniusmedicalcare.wd3.myworkdayjobs.com|freseniusmedicalcare|fme,DEGRADED,ACTIVE,2026-05-31T19:24:00.651Z,139,192,15,14,0,0,0,0,24.366,0,0,0,0.933,0.019,2026-05-29T15:55:58.190Z,2026-05-31T15:24:00.651Z,,COOLDOWN_SLOW_LOW_YIELD
Universal Forest Products,workday,ATS,Workday:ufpi.wd503.myworkdayjobs.com|ufpi|ufpi,DEGRADED,BACKOFF,2026-06-01T04:25:51.156Z,424,425,8,7,454,454,0,0,24.279,0,18.699,0,0.875,0.2,2026-05-31T13:19:31.632Z,2026-05-31T16:25:51.156Z,403,COOLDOWN_SLOW_LOW_YIELD
Experfy,company-site,COMPANY_JSON,CompanyJson:experfy,DEGRADED,BACKOFF,2026-05-31T11:14:43.913Z,24,23,8,6,57,57,0,0,23.828,0,2.392,0,0.75,0.375,2026-05-31T04:50:54.916Z,2026-05-31T10:29:43.913Z,,COOLDOWN_SLOW_LOW_YIELD
Broccoli AI,ashby,ATS,Ashby:broccoli,DEGRADED,BACKOFF,2026-05-31T20:30:58.796Z,20,25,12,8,143,143,0,0,23.63,0,6.052,0,0.667,0.008,2026-05-31T16:24:59.320Z,2026-05-31T18:30:58.796Z,,COOLDOWN_SLOW_LOW_YIELD
Eurofins,smartrecruiters,ATS,SmartRecruiters:eurofins,ACTIVE,BACKOFF,2026-05-31T22:01:44.039Z,126,8,16,14,15497,945,0,0,23.278,0,40.596,0,0.875,0.01,2026-05-31T16:00:48.845Z,,200,COOLDOWN_SLOW_LOW_YIELD
Domino's,smartrecruiters,ATS,SmartRecruiters:dominos,DEGRADED,BACKOFF,2026-05-31T19:36:27.641Z,0,0,17,17,0,0,0,0,22.88,0,0,0,1,0,,2026-05-31T18:36:27.641Z,,COOLDOWN_SLOW_LOW_YIELD
Photoroom,ashby,ATS,Ashby:photoroom,DEGRADED,BACKOFF,2026-06-01T02:14:37.709Z,16,21,8,6,79,79,0,0,22.673,0,3.484,0,0.75,0.109,2026-05-31T04:59:42.757Z,2026-05-31T18:14:37.709Z,,COOLDOWN_SLOW_LOW_YIELD
"00100 LEIDOS, INC.",workday,ATS,Workday:leidos.wd5.myworkdayjobs.com|leidos|external,DEGRADED,BACKOFF,2026-05-31T23:09:41.517Z,399,167,15,15,0,0,0,0,22.662,0,0,0,1,0.001,2026-05-29T20:28:21.314Z,2026-05-31T17:09:41.517Z,403,COOLDOWN_SLOW_LOW_YIELD
Master Card,workday,ATS,Workday:mastercard.wd1.myworkdayjobs.com|mastercard|corporatecareers,ACTIVE,READY,2026-05-31T18:23:20.139Z,19,2,17,16,0,0,0,0,22.638,0,0,0,0.941,0.001,2026-05-31T15:23:20.139Z,,200,COOLDOWN_SLOW_LOW_YIELD
Ryder System,workday,ATS,Workday:ryder.wd5.myworkdayjobs.com|ryder|rydercareers,DEGRADED,BACKOFF,2026-06-01T05:14:35.883Z,428,217,9,7,856,856,0,0,22.327,0,38.34,0,0.778,0.041,2026-05-31T07:42:58.483Z,2026-05-31T17:14:35.883Z,403,COOLDOWN_SLOW_LOW_YIELD
State Street,workday,ATS,Workday:statestreet.wd1.myworkdayjobs.com|statestreet|global,DEGRADED,BACKOFF,2026-05-31T23:09:50.018Z,339,355,16,16,0,0,0,0,22.228,0,0,0,1,0.001,2026-05-29T06:56:04.812Z,2026-05-31T17:09:50.018Z,403,COOLDOWN_SLOW_LOW_YIELD
Harvey,ashby,ATS,Ashby:harvey,ACTIVE,READY,2026-05-31T21:43:07.248Z,251,230,11,7,1046,1046,0,0,22.06,0,47.416,0,0.636,0.05,2026-05-31T18:43:07.248Z,,200,COOLDOWN_SLOW_LOW_YIELD
Bosch Group,smartrecruiters,ATS,SmartRecruiters:boschgroup,DEGRADED,BACKOFF,2026-06-01T07:05:45.281Z,60,2,16,16,20673,356,0,0,21.694,0,16.41,0,1,0.005,2026-05-29T03:57:56.201Z,2026-05-31T19:05:45.281Z,,COOLDOWN_SLOW_LOW_YIELD
ACCEL Schools,greenhouse,ATS,Greenhouse:accelschools,DEGRADED,BACKOFF,2026-05-31T21:11:24.681Z,400,227,10,7,1493,1493,0,0,21.294,0,70.113,0,0.7,0.245,2026-05-31T11:34:40.984Z,2026-05-31T17:11:24.681Z,,COOLDOWN_SLOW_LOW_YIELD
Smithfield Foods,workday,ATS,Workday:smithfieldfoods.wd1.myworkdayjobs.com|smithfieldfoods|careers,DEGRADED,BACKOFF,2026-05-31T22:53:47.860Z,453,320,5,4,564,564,1,3,21.015,0.048,26.838,0.005,0.8,0.001,2026-05-31T11:04:12.679Z,2026-05-31T16:53:47.860Z,403,COOLDOWN_SLOW_LOW_YIELD
1001 Baxter Healthcare Corporation,workday,ATS,Workday:baxter.wd1.myworkdayjobs.com|baxter|baxter,DEGRADED,BACKOFF,2026-05-31T20:17:51.976Z,488,405,7,5,1390,1388,0,0,20.32,0,68.306,0,0.714,0.002,2026-05-31T04:57:54.438Z,2026-05-31T08:17:51.976Z,403,COOLDOWN_SLOW_LOW_YIELD
Zeta Global,greenhouse,ATS,Greenhouse:zetaglobal,ACTIVE,BACKOFF,2026-05-31T20:08:52.042Z,159,29,10,8,631,631,0,0,20.305,0,31.075,0,0.8,0.253,2026-05-31T00:53:30.251Z,,200,COOLDOWN_SLOW_LOW_YIELD
Cera,company-site,COMPANY_JSON,CompanyJson:cera,ACTIVE,READY,2026-05-31T07:48:30.396Z,20,19,5,3,55,55,0,0,20.071,0,2.74,0,0.6,0.75,2026-05-31T04:48:30.396Z,,200,COOLDOWN_SLOW_LOW_YIELD
Character.ai,ashby,ATS,Ashby:character,DEGRADED,BACKOFF,2026-05-31T20:27:26.627Z,17,19,10,6,117,117,0,0,20.046,0,5.837,0,0.6,0.096,2026-05-31T13:20:13.306Z,2026-05-31T18:27:26.627Z,,COOLDOWN_SLOW_LOW_YIELD
Gen Digital,ashby,ATS,Ashby:gen-digital,DEGRADED,BACKOFF,2026-05-31T21:59:41.357Z,126,99,9,7,295,295,0,0,19.671,0,14.997,0,0.778,0.054,2026-05-31T03:16:19.576Z,2026-05-31T13:59:41.357Z,,COOLDOWN_SLOW_LOW_YIELD
AstraZeneca,workday,ATS,Workday:astrazeneca.wd3.myworkdayjobs.com|astrazeneca|careers,DEGRADED,BACKOFF,2026-06-01T03:07:15.814Z,359,373,8,8,0,0,0,0,19.584,0,0,0,1,0.041,2026-05-29T17:41:14.063Z,2026-05-31T15:07:15.814Z,,COOLDOWN_SLOW_LOW_YIELD
SGS,smartrecruiters,ATS,SmartRecruiters:sgs,DEGRADED,BACKOFF,2026-05-31T21:01:25.200Z,68,5,16,16,19694,494,0,0,19.49,0,25.346,0,1,0.006,2026-05-29T04:28:51.819Z,2026-05-31T19:01:25.200Z,,COOLDOWN_SLOW_LOW_YIELD
CN Rail,workday,ATS,Workday:prysmiangroup.wd3.myworkdayjobs.com|prysmiangroup|careers,DEGRADED,BACKOFF,2026-05-31T23:15:51.723Z,555,567,7,6,803,795,1,0,19.488,0.051,40.795,0,0.857,0.001,2026-05-31T06:29:31.951Z,2026-05-31T11:15:51.723Z,403,COOLDOWN_SLOW_LOW_YIELD
HERE Technologies,icims,ATS,iCIMS:careers-here,ACTIVE,BACKOFF,2026-05-31T20:08:52.042Z,85,2,11,7,515,515,0,0,19.439,0,26.492,0,0.636,0.28,2026-05-31T13:18:58.558Z,,200,COOLDOWN_SLOW_LOW_YIELD
Apex Companies,greenhouse,ATS,Greenhouse:apexcompanies,ACTIVE,BACKOFF,2026-05-31T20:08:52.042Z,228,26,11,7,1238,1238,0,0,18.998,0,65.164,0,0.636,0.086,2026-05-31T15:12:50.513Z,,200,COOLDOWN_SLOW_LOW_YIELD
成都intel,workday,ATS,Workday:intel.wd1.myworkdayjobs.com|intel|external,DEGRADED,BACKOFF,2026-06-01T07:05:40.223Z,139,205,10,9,139,139,1,0,18.714,0.053,7.427,0,0.9,0.267,2026-05-31T05:51:17.786Z,2026-05-31T19:05:40.223Z,403,COOLDOWN_SLOW_LOW_YIELD
SolutionHealth,workday,ATS,Workday:solutionhealth.wd1.myworkdayjobs.com|solutionhealth|careers,DEGRADED,BACKOFF,2026-05-31T21:48:37.669Z,479,480,6,5,925,925,1,0,18.572,0.054,49.807,0,0.833,0.002,2026-05-31T14:39:42.834Z,2026-05-31T15:48:37.669Z,403,COOLDOWN_SLOW_LOW_YIELD
ThoughtWorks Singapore,greenhouse,ATS,Greenhouse:thoughtworks,DEGRADED,BACKOFF,2026-05-31T19:55:50.446Z,68,80,8,5,337,337,0,0,18.567,0,18.151,0,0.625,0.63,2026-05-31T07:08:16.129Z,2026-05-31T13:55:50.446Z,,COOLDOWN_SLOW_LOW_YIELD
Air Apps,ashby,ATS,Ashby:airapps,ACTIVE,READY,2026-05-31T20:38:47.930Z,498,485,9,6,2481,2481,0,0,18.47,0,134.329,0,0.667,0.004,2026-05-31T17:38:47.930Z,,200,COOLDOWN_SLOW_LOW_YIELD
Equip Health,ashby,ATS,Ashby:equip,ACTIVE,READY,2026-05-31T21:07:34.661Z,43,49,9,7,165,165,0,0,18.44,0,8.948,0,0.778,0.082,2026-05-31T19:07:34.661Z,,200,COOLDOWN_SLOW_LOW_YIELD
LEAR,successfactors,ATS,SuccessFactors:jobs.lear.com,DEGRADED,BACKOFF,2026-05-31T21:32:03.226Z,327,330,13,8,1772,1772,0,0,18.439,0,96.101,0,0.615,0.632,2026-05-31T12:25:37.604Z,2026-05-31T17:32:03.226Z,,COOLDOWN_SLOW_LOW_YIELD
1106 Abbott GmbH,workday,ATS,Workday:abbott.wd5.myworkdayjobs.com|abbott|abbottcareers2,DEGRADED,BACKOFF,2026-05-31T23:09:39.888Z,359,359,12,12,0,0,0,0,18.424,0,0,0,1,0,2026-05-29T18:09:40.314Z,2026-05-31T17:09:39.888Z,403,COOLDOWN_SLOW_LOW_YIELD
BTA Design Services,recruitee,ATS,Recruitee:bta,ACTIVE,BACKOFF,2026-05-31T20:08:52.042Z,32,6,9,6,191,191,0,0,18.346,0,10.411,0,0.667,0.087,2026-05-31T14:03:46.027Z,,200,COOLDOWN_SLOW_LOW_YIELD
Faire,greenhouse,ATS,Greenhouse:faire,ACTIVE,BACKOFF,2026-05-31T19:27:33.797Z,71,45,5,3,161,161,0,0,18.269,0,8.813,0,0.6,0.38,2026-05-31T13:21:10.053Z,,200,COOLDOWN_SLOW_LOW_YIELD
SAP,successfactors,ATS,SuccessFactors:jobs.sap.com,DEGRADED,BACKOFF,2026-05-31T20:16:28.404Z,0,0,13,13,0,0,0,0,18.126,0,0,0,1,0,2026-05-22T20:07:37.657Z,2026-05-31T18:16:28.404Z,,COOLDOWN_SLOW_LOW_YIELD
NASA,company-site,COMPANY_JSON,CompanyJson:nasa,ACTIVE,READY,2026-05-31T07:47:57.671Z,31,24,5,3,71,71,0,0,17.991,0,3.947,0,0.6,0.056,2026-05-31T04:47:57.671Z,,200,COOLDOWN_SLOW_LOW_YIELD
Traba,ashby,ATS,Ashby:traba,ACTIVE,READY,2026-05-31T19:36:27.290Z,21,19,11,7,147,139,0,0,17.793,0,7.812,0,0.636,0.391,2026-05-31T17:36:27.290Z,,200,COOLDOWN_SLOW_LOW_YIELD
Joint Commission,icims,ATS,iCIMS:careers-atipt,DEGRADED,BACKOFF,2026-05-31T21:05:08.057Z,917,10,7,7,17,17,0,0,17.718,0,0.959,0,1,0.368,2026-05-30T14:25:51.474Z,2026-05-31T10:04:14.999Z,,COOLDOWN_SLOW_LOW_YIELD
Overjet,ashby,ATS,Ashby:overjet,DEGRADED,BACKOFF,2026-06-01T01:31:12.214Z,28,28,5,5,31,31,0,0,17.319,0,1.79,0,1,0.481,2026-05-30T17:31:26.404Z,2026-05-31T17:31:12.214Z,,COOLDOWN_SLOW_LOW_YIELD
PandaDoc,greenhouse,ATS,Greenhouse:pandadoc,ACTIVE,BACKOFF,2026-05-31T20:08:52.042Z,56,28,6,6,240,240,0,0,17.309,0,13.866,0,1,0.051,2026-05-30T07:27:55.632Z,,200,COOLDOWN_SLOW_LOW_YIELD
Go RH,lever,ATS,Lever:gorh,DEGRADED,BACKOFF,2026-05-31T19:45:45.529Z,259,93,7,6,580,580,0,0,17.196,0,33.729,0,0.857,0.023,2026-05-31T08:25:13.077Z,2026-05-31T15:45:45.529Z,,COOLDOWN_SLOW_LOW_YIELD
Airwallex,ashby,ATS,Ashby:airwallex,DEGRADED,BACKOFF,2026-05-31T20:08:52.042Z,576,258,11,7,2362,2354,0,0,17.173,0,137.076,0,0.636,0.022,2026-05-31T13:21:22.700Z,2026-05-31T15:07:59.141Z,,COOLDOWN_SLOW_LOW_YIELD
Aritzia,workday,ATS,Workday:aritzia.wd3.myworkdayjobs.com|aritzia|external,DEGRADED,BACKOFF,2026-05-31T21:10:16.436Z,454,134,8,5,1369,1363,0,0,17.032,0,80.026,0,0.625,0.195,2026-05-31T06:55:23.377Z,2026-05-31T17:10:16.436Z,,COOLDOWN_SLOW_LOW_YIELD
Apptronik,greenhouse,ATS,Greenhouse:apptronik,DEGRADED,BACKOFF,2026-05-31T23:00:39.249Z,87,39,5,5,185,185,0,0,16.705,0,11.074,0,1,0.058,2026-05-30T07:20:50.980Z,2026-05-31T13:00:39.249Z,,COOLDOWN_SLOW_LOW_YIELD
Marksman,greenhouse,ATS,Greenhouse:marksman,DEGRADED,BACKOFF,2026-05-31T23:00:45.253Z,179,34,5,5,198,198,0,0,16.689,0,11.864,0,1,0.063,2026-05-30T08:58:51.794Z,2026-05-31T13:00:45.253Z,,COOLDOWN_SLOW_LOW_YIELD
Samsung,workday,ATS,Workday:sec.wd3.myworkdayjobs.com|sec|samsung_careers,ACTIVE,BACKOFF,2026-05-31T21:27:41.765Z,458,225,6,4,1384,1381,0,0,16.638,0,83.003,0,0.667,0.128,2026-05-30T23:41:25.151Z,,200,COOLDOWN_SLOW_LOW_YIELD
Evino,company-site,COMPANY_HTML,CompanyHtml:evino,ACTIVE,READY,2026-06-01T04:27:03.490Z,9,9,5,3,27,27,0,0,16.56,0,1.63,0,0.6,0.5,2026-05-31T16:27:03.490Z,,200,COOLDOWN_SLOW_LOW_YIELD
Vulcan Materials,taleo,ATS,Taleo:vulcanmat/2,ACTIVE,READY,2026-05-31T19:55:43.562Z,0,0,28,0,1531,0,0,0,16.481,0,0,0,0,0.985,2026-05-31T16:55:43.562Z,,200,COOLDOWN_SLOW_LOW_YIELD
Waymo,greenhouse,ATS,Greenhouse:waymo,DEGRADED,BACKOFF,2026-05-31T19:55:50.167Z,404,339,6,5,630,614,0,0,16.174,0,37.961,0,0.833,0.03,2026-05-31T05:51:07.288Z,2026-05-31T13:55:50.167Z,,COOLDOWN_SLOW_LOW_YIELD
Jobber,company-site,COMPANY_JSON,CompanyJson:jobber,PROVISIONED,READY,,0,0,74,74,0,0,0,0,16.163,0,0,0,1,0,,,200,COOLDOWN_SLOW_LOW_YIELD
Veeva,lever,ATS,Lever:veeva,DEGRADED,BACKOFF,2026-05-31T19:45:46.240Z,1033,313,10,6,6948,6940,0,0,15.947,0,435.197,0,0.6,0.179,2026-05-31T12:05:48.527Z,2026-05-31T15:45:46.240Z,,COOLDOWN_SLOW_LOW_YIELD
"Twenty One Capital,",ashby,ATS,Ashby:twenty,DEGRADED,BACKOFF,2026-05-31T20:08:52.042Z,37,32,5,5,29,29,0,0,15.804,0,1.835,0,1,0.456,2026-05-30T17:31:29.617Z,2026-05-31T09:02:28.084Z,,COOLDOWN_SLOW_LOW_YIELD
"Joby Aviation,",icims,ATS,iCIMS:careers-jobyaviation,ACTIVE,READY,2026-05-31T22:08:00.778Z,249,285,9,6,891,891,0,0,15.714,0,56.701,0,0.667,0.171,2026-05-31T19:08:00.778Z,,200,COOLDOWN_SLOW_LOW_YIELD
Shopback 2,lever,ATS,Lever:shopback-2,DEGRADED,BACKOFF,2026-05-31T20:08:52.042Z,63,4,8,5,417,417,0,0,15.518,0,26.872,0,0.625,0.047,2026-05-31T04:27:43.515Z,2026-05-31T15:07:04.146Z,,COOLDOWN_SLOW_LOW_YIELD
Tenex,ashby,ATS,Ashby:tenex,ACTIVE,BACKOFF,2026-05-31T20:08:52.042Z,49,47,5,4,66,66,0,0,15.368,0,4.295,0,0.8,0.478,2026-05-31T08:25:14.794Z,,200,COOLDOWN_SLOW_LOW_YIELD
Scires,icims,ATS,iCIMS:careers-enfra,ACTIVE,BACKOFF,2026-05-31T19:27:33.797Z,414,4,7,5,885,885,0,0,15.357,0,57.627,0,0.714,0.704,2026-05-31T13:18:32.810Z,,200,COOLDOWN_SLOW_LOW_YIELD
5014 Disney Entertainment &amp; Sports LLC,workday,ATS,Workday:disney.wd5.myworkdayjobs.com|disney|disneycareer,DEGRADED,BACKOFF,2026-05-31T23:03:59.303Z,21,13,5,5,0,0,0,0,15.294,0,0,0,1,0.014,2026-05-22T20:08:35.023Z,2026-05-31T19:03:59.303Z,,COOLDOWN_SLOW_LOW_YIELD
Factory,ashby,ATS,Ashby:factory,ACTIVE,BACKOFF,2026-05-31T20:17:53.616Z,30,22,5,4,75,71,0,0,15.236,0,4.66,0,0.8,0.367,2026-05-31T12:02:35.653Z,,200,COOLDOWN_SLOW_LOW_YIELD
COGNITION THERAPEUTICS,ashby,ATS,Ashby:cognition,ACTIVE,BACKOFF,2026-05-31T21:05:08.057Z,63,33,10,6,314,309,0,0,15.051,0,20.53,0,0.6,0.31,2026-05-31T16:02:57.257Z,,200,COOLDOWN_SLOW_LOW_YIELD
Church & Dwight,workday,ATS,Workday:churchdwight.wd1.myworkdayjobs.com|churchdwight|chdcareers,ACTIVE,READY,2026-05-31T20:18:30.069Z,81,82,6,4,233,233,0,0,15.046,0,15.486,0,0.667,0.615,2026-05-31T17:18:30.069Z,,200,COOLDOWN_SLOW_LOW_YIELD
Aptiv,company-site,COMPANY_JSON,CompanyJson:aptiv,ACTIVE,READY,,0,12,10,10,0,0,0,0,15.028,0,0,0,1,0.031,2026-05-28T10:38:54.846Z,,200,COOLDOWN_SLOW_LOW_YIELD
Recruitee,recruitee,ATS,Recruitee:sisu,ACTIVE,BACKOFF,2026-05-31T21:27:41.765Z,109,11,8,5,345,345,0,0,14.982,0,23.027,0,0.625,0.064,2026-05-31T15:25:21.038Z,,200,COOLDOWN_SLOW_LOW_YIELD
